{"2018090600":{"home":{"score":{"1":0,"2":0,"3":14,"4":3,"5":0,"T":17},"abbr":"PHI","to":null},"away":{"score":{"1":7,"2":10,"3":0,"4":0,"5":0,"T":17},"abbr":"ATL","to":null},"bp":0,"down":null,"togo":null,"clock":null,"posteam":null,"note":null,"redzone":null,"stadium":"Lincoln Financial Field","media":{"radio":{"home":null,"away":null},"tv":"NBC","sat":null,"sathd":null},"yl":null,"qtr":"Final"},"2018090900":{"home":{"score":{"1":null,"2":null,"3":null,"4":null,"5":null,"T":null},"abbr":"BAL","to":null},"away":{"score":{"1":null,"2":null,"3":null,"4":null,"5":null,"T":null},"abbr":"BUF","to":null},"bp":0,"down":null,"togo":null,"clock":null,"posteam":null,"note":null,"redzone":null,"stadium":"M&T Bank Stadium","media":{"radio":{"home":null,"away":null},"tv":"CBS","sat":null,"sathd":null},"yl":null,"qtr":null},"2018090901":{"home":{"score":{"1":null,"2":null,"3":null,"4":null,"5":null,"T":null},"abbr":"CLE","to":null},"away":{"score":{"1":null,"2":null,"3":null,"4":null,"5":null,"T":null},"abbr":"PIT","to":null},"bp":0,"down":null,"togo":null,"clock":null,"posteam":null,"note":null,"redzone":null,"stadium":"FirstEnergy Stadium","media":{"radio":{"home":null,"away":null},"tv":"CBS","sat":null,"sathd":null},"yl":null,"qtr":null},"2018090902":{"home":{"score":{"1":null,"2":null,"3":null,"4":null,"5":null,"T":null},"abbr":"IND","to":null},"away":{"score":{"1":null,"2":null,"3":null,"4":null,"5":null,"T":null},"abbr":"CIN","to":null},"bp":0,"down":null,"togo":null,"clock":null,"posteam":null,"note":null,"redzone":null,"stadium":"Lucas Oil Stadium","media":{"radio":{"home":null,"away":null},"tv":"CBS","sat":null,"sathd":null},"yl":null,"qtr":null},"2018090903":{"home":{"score":{"1":null,"2":null,"3":null,"4":null,"5":null,"T":null},"abbr":"MIA","to":null},"away":{"score":{"1":null,"2":null,"3":null,"4":null,"5":null,"T":null},"abbr":"TEN","to":null},"bp":0,"down":null,"togo":null,"clock":null,"posteam":null,"note":null,"redzone":null,"stadium":"Hard Rock Stadium","media":{"radio":{"home":null,"away":null},"tv":"FOX","sat":null,"sathd":null},"yl":null,"qtr":null},"2018090904":{"home":{"score":{"1":null,"2":null,"3":null,"4":null,"5":null,"T":null},"abbr":"MIN","to":null},"away":{"score":{"1":null,"2":null,"3":null,"4":null,"5":null,"T":null},"abbr":"SF","to":null},"bp":0,"down":null,"togo":null,"clock":null,"posteam":null,"note":null,"redzone":null,"stadium":"U.S. Bank Stadium","media":{"radio":{"home":null,"away":null},"tv":"FOX","sat":null,"sathd":null},"yl":null,"qtr":null},"2018090905":{"home":{"score":{"1":null,"2":null,"3":null,"4":null,"5":null,"T":null},"abbr":"NE","to":null},"away":{"score":{"1":null,"2":null,"3":null,"4":null,"5":null,"T":null},"abbr":"HOU","to":null},"bp":0,"down":null,"togo":null,"clock":null,"posteam":null,"note":null,"redzone":null,"stadium":"Gillette Stadium","media":{"radio":{"home":null,"away":null},"tv":"CBS","sat":null,"sathd":null},"yl":null,"qtr":null},"2018090906":{"home":{"score":{"1":null,"2":null,"3":null,"4":null,"5":null,"T":null},"abbr":"NO","to":null},"away":{"score":{"1":null,"2":null,"3":null,"4":null,"5":null,"T":null},"abbr":"TB","to":null},"bp":0,"down":null,"togo":null,"clock":null,"posteam":null,"note":null,"redzone":null,"stadium":"Mercedes-Benz Superdome","media":{"radio":{"home":null,"away":null},"tv":"FOX","sat":null,"sathd":null},"yl":null,"qtr":null},"2018090907":{"home":{"score":{"1":null,"2":null,"3":null,"4":null,"5":null,"T":null},"abbr":"NYG","to":null},"away":{"score":{"1":null,"2":null,"3":null,"4":null,"5":null,"T":null},"abbr":"JAC","to":null},"bp":0,"down":null,"togo":null,"clock":null,"posteam":null,"note":null,"redzone":null,"stadium":"MetLife Stadium","media":{"radio":{"home":null,"away":null},"tv":"FOX","sat":null,"sathd":null},"yl":null,"qtr":null},"2018090908":{"home":{"score":{"1":null,"2":null,"3":null,"4":null,"5":null,"T":null},"abbr":"LAC","to":null},"away":{"score":{"1":null,"2":null,"3":null,"4":null,"5":null,"T":null},"abbr":"KC","to":null},"bp":0,"down":null,"togo":null,"clock":null,"posteam":null,"note":null,"redzone":null,"stadium":"ROKiT Field at StubHub Center","media":{"radio":{"home":null,"away":null},"tv":"CBS","sat":null,"sathd":null},"yl":null,"qtr":null},"2018090909":{"home":{"score":{"1":null,"2":null,"3":null,"4":null,"5":null,"T":null},"abbr":"ARI","to":null},"away":{"score":{"1":null,"2":null,"3":null,"4":null,"5":null,"T":null},"abbr":"WAS","to":null},"bp":0,"down":null,"togo":null,"clock":null,"posteam":null,"note":null,"redzone":null,"stadium":"State Farm Stadium","media":{"radio":{"home":null,"away":null},"tv":"FOX","sat":null,"sathd":null},"yl":null,"qtr":null},"2018090910":{"home":{"score":{"1":null,"2":null,"3":null,"4":null,"5":null,"T":null},"abbr":"CAR","to":null},"away":{"score":{"1":null,"2":null,"3":null,"4":null,"5":null,"T":null},"abbr":"DAL","to":null},"bp":0,"down":null,"togo":null,"clock":null,"posteam":null,"note":null,"redzone":null,"stadium":"Bank of America Stadium","media":{"radio":{"home":null,"away":null},"tv":"FOX","sat":null,"sathd":null},"yl":null,"qtr":null},"2018090911":{"home":{"score":{"1":null,"2":null,"3":null,"4":null,"5":null,"T":null},"abbr":"DEN","to":null},"away":{"score":{"1":null,"2":null,"3":null,"4":null,"5":null,"T":null},"abbr":"SEA","to":null},"bp":0,"down":null,"togo":null,"clock":null,"posteam":null,"note":null,"redzone":null,"stadium":"Broncos Stadium at Mile High","media":{"radio":{"home":null,"away":null},"tv":"FOX","sat":null,"sathd":null},"yl":null,"qtr":null},"2018090912":{"home":{"score":{"1":null,"2":null,"3":null,"4":null,"5":null,"T":null},"abbr":"GB","to":null},"away":{"score":{"1":null,"2":null,"3":null,"4":null,"5":null,"T":null},"abbr":"CHI","to":null},"bp":0,"down":null,"togo":null,"clock":null,"posteam":null,"note":null,"redzone":null,"stadium":"Lambeau Field","media":{"radio":{"home":null,"away":null},"tv":"NBC","sat":null,"sathd":null},"yl":null,"qtr":null},"2018091000":{"home":{"score":{"1":null,"2":null,"3":null,"4":null,"5":null,"T":null},"abbr":"DET","to":null},"away":{"score":{"1":null,"2":null,"3":null,"4":null,"5":null,"T":null},"abbr":"NYJ","to":null},"bp":0,"down":null,"togo":null,"clock":null,"posteam":null,"note":null,"redzone":null,"stadium":"Ford Field","media":{"radio":{"home":null,"away":null},"tv":"ESPN","sat":null,"sathd":null},"yl":null,"qtr":null},"2018091001":{"home":{"score":{"1":null,"2":null,"3":null,"4":null,"5":null,"T":null},"abbr":"OAK","to":null},"away":{"score":{"1":null,"2":null,"3":null,"4":null,"5":null,"T":null},"abbr":"LA","to":null},"bp":0,"down":null,"togo":null,"clock":null,"posteam":null,"note":null,"redzone":null,"stadium":"Oakland Coliseum","media":{"radio":{"home":null,"away":null},"tv":"ESPN","sat":null,"sathd":null},"yl":null,"qtr":null}}
