{"2019122901":{"home":{"score":{"1":0,"2":0,"3":3,"4":3,"5":0,"T":6},"abbr":"BUF","to":0},"away":{"score":{"1":0,"2":3,"3":0,"4":10,"5":0,"T":13},"abbr":"NYJ","to":1},"bp":9,"down":0,"togo":0,"clock":"00:21","posteam":"NYJ","note":null,"redzone":false,"stadium":"New Era Field","media":{"radio":{"home":null,"away":null},"tv":"CBS","sat":null,"sathd":null},"yl":"","qtr":"Final"},"2019122902":{"home":{"score":{"1":0,"2":3,"3":7,"4":0,"5":0,"T":10},"abbr":"CAR","to":2},"away":{"score":{"1":14,"2":21,"3":7,"4":0,"5":0,"T":42},"abbr":"NO","to":2},"bp":12,"down":0,"togo":0,"clock":"00:29","posteam":"NO","note":null,"redzone":false,"stadium":"Bank of America Stadium","media":{"radio":{"home":null,"away":null},"tv":"FOX","sat":null,"sathd":null},"yl":"","qtr":"Final"},"2019122903":{"home":{"score":{"1":13,"2":7,"3":3,"4":10,"5":0,"T":33},"abbr":"CIN","to":1},"away":{"score":{"1":7,"2":9,"3":0,"4":7,"5":0,"T":23},"abbr":"CLE","to":1},"bp":16,"down":0,"togo":0,"clock":"00:15","posteam":"CIN","note":null,"redzone":false,"stadium":"Paul Brown Stadium","media":{"radio":{"home":null,"away":null},"tv":"FOX","sat":null,"sathd":null},"yl":"","qtr":"Final"},"2019122905":{"home":{"score":{"1":7,"2":10,"3":0,"4":3,"5":0,"T":20},"abbr":"DET","to":0},"away":{"score":{"1":0,"2":3,"3":7,"4":13,"5":0,"T":23},"abbr":"GB","to":0},"bp":12,"down":0,"togo":0,"clock":"00:00","posteam":"GB","note":null,"redzone":false,"stadium":"Ford Field","media":{"radio":{"home":null,"away":null},"tv":"FOX","sat":null,"sathd":null},"yl":"","qtr":"Final"},"2019122908":{"home":{"score":{"1":3,"2":7,"3":14,"4":7,"5":0,"T":31},"abbr":"KC","to":3},"away":{"score":{"1":0,"2":7,"3":7,"4":7,"5":0,"T":21},"abbr":"LAC","to":0},"bp":15,"down":0,"togo":0,"clock":"00:30","posteam":"KC","note":null,"redzone":false,"stadium":"Arrowhead Stadium","media":{"radio":{"home":null,"away":null},"tv":"CBS","sat":null,"sathd":null},"yl":"","qtr":"Final"},"2019122909":{"home":{"score":{"1":0,"2":6,"3":0,"4":13,"5":0,"T":19},"abbr":"MIN","to":0},"away":{"score":{"1":6,"2":5,"3":7,"4":3,"5":0,"T":21},"abbr":"CHI","to":0},"bp":15,"down":0,"togo":0,"clock":"00:00","posteam":"CHI","note":null,"redzone":false,"stadium":"U.S. Bank Stadium","media":{"radio":{"home":null,"away":null},"tv":"FOX","sat":null,"sathd":null},"yl":"","qtr":"Final"},"2019122910":{"home":{"score":{"1":0,"2":10,"3":7,"4":7,"5":0,"T":24},"abbr":"NE","to":1},"away":{"score":{"1":3,"2":7,"3":7,"4":10,"5":0,"T":27},"abbr":"MIA","to":1},"bp":12,"down":0,"togo":0,"clock":"00:00","posteam":"MIA","note":null,"redzone":false,"stadium":"Gillette Stadium","media":{"radio":{"home":null,"away":null},"tv":"CBS","sat":null,"sathd":null},"yl":"","qtr":"Final"},"2019122912":{"home":{"score":{"1":0,"2":22,"3":0,"4":0,"5":0,"T":22},"abbr":"TB","to":2},"away":{"score":{"1":10,"2":6,"3":0,"4":6,"5":6,"T":28},"abbr":"ATL","to":2},"bp":16,"down":0,"togo":0,"clock":"09:53","posteam":"ATL","note":null,"redzone":false,"stadium":"Raymond James Stadium","media":{"radio":{"home":null,"away":null},"tv":"FOX","sat":null,"sathd":null},"yl":"","qtr":"final overtime"},"2019122900":{"home":{"score":{"1":6,"2":10,"3":0,"4":12,"5":0,"T":28},"abbr":"BAL","to":0},"away":{"score":{"1":0,"2":7,"3":3,"4":0,"5":0,"T":10},"abbr":"PIT","to":1},"bp":7,"down":0,"togo":0,"clock":"00:24","posteam":"PIT","note":null,"redzone":false,"stadium":"M&T Bank Stadium","media":{"radio":{"home":null,"away":null},"tv":"CBS","sat":null,"sathd":null},"yl":"","qtr":"Final"},"2019122904":{"home":{"score":{"1":6,"2":14,"3":17,"4":10,"5":0,"T":47},"abbr":"DAL","to":2},"away":{"score":{"1":0,"2":10,"3":6,"4":0,"5":0,"T":16},"abbr":"WAS","to":3},"bp":18,"down":0,"togo":0,"clock":"00:26","posteam":"DAL","note":null,"redzone":false,"stadium":"AT&T Stadium","media":{"radio":{"home":null,"away":null},"tv":"FOX","sat":null,"sathd":null},"yl":"","qtr":"Final"},"2019122906":{"home":{"score":{"1":7,"2":0,"3":7,"4":0,"5":0,"T":14},"abbr":"HOU","to":1},"away":{"score":{"1":7,"2":7,"3":7,"4":14,"5":0,"T":35},"abbr":"TEN","to":3},"bp":14,"down":0,"togo":0,"clock":"00:33","posteam":"TEN","note":null,"redzone":false,"stadium":"NRG Stadium","media":{"radio":{"home":null,"away":null},"tv":"CBS","sat":null,"sathd":null},"yl":"","qtr":"Final"},"2019122907":{"home":{"score":{"1":3,"2":13,"3":8,"4":14,"5":0,"T":38},"abbr":"JAC","to":3},"away":{"score":{"1":10,"2":10,"3":0,"4":0,"5":0,"T":20},"abbr":"IND","to":3},"bp":12,"down":0,"togo":0,"clock":"00:38","posteam":"JAC","note":null,"redzone":false,"stadium":"TIAA Bank Field","media":{"radio":{"home":null,"away":null},"tv":"CBS","sat":null,"sathd":null},"yl":"","qtr":"Final"},"2019122911":{"home":{"score":{"1":0,"2":3,"3":14,"4":0,"5":0,"T":17},"abbr":"NYG","to":0},"away":{"score":{"1":3,"2":7,"3":7,"4":17,"5":0,"T":34},"abbr":"PHI","to":1},"bp":15,"down":0,"togo":0,"clock":"00:14","posteam":"NYG","note":null,"redzone":false,"stadium":"MetLife Stadium","media":{"radio":{"home":null,"away":null},"tv":"FOX","sat":null,"sathd":null},"yl":"","qtr":"Final"},"2019122913":{"home":{"score":{"1":0,"2":10,"3":3,"4":3,"5":0,"T":16},"abbr":"DEN","to":0},"away":{"score":{"1":0,"2":3,"3":0,"4":12,"5":0,"T":15},"abbr":"OAK","to":0},"bp":15,"down":0,"togo":0,"clock":"00:01","posteam":"DEN","note":null,"redzone":false,"stadium":"Empower Field at Mile High","media":{"radio":{"home":null,"away":null},"tv":"CBS","sat":null,"sathd":null},"yl":"","qtr":"Final"},"2019122914":{"home":{"score":{"1":3,"2":14,"3":0,"4":14,"5":0,"T":31},"abbr":"LA","to":0},"away":{"score":{"1":7,"2":3,"3":7,"4":7,"5":0,"T":24},"abbr":"ARI","to":1},"bp":20,"down":0,"togo":0,"clock":"00:00","posteam":"LA","note":null,"redzone":false,"stadium":"Los Angeles Memorial Coliseum","media":{"radio":{"home":null,"away":null},"tv":"FOX","sat":null,"sathd":null},"yl":"","qtr":"Final"},"2019122915":{"home":{"score":{"1":0,"2":0,"3":7,"4":14,"5":0,"T":21},"abbr":"SEA","to":0},"away":{"score":{"1":10,"2":3,"3":6,"4":7,"5":0,"T":26},"abbr":"SF","to":1},"bp":11,"down":0,"togo":0,"clock":"00:09","posteam":"SF","note":null,"redzone":false,"stadium":"CenturyLink Field","media":{"radio":{"home":null,"away":null},"tv":"NBC","sat":null,"sathd":null},"yl":"","qtr":"Final"}}