{"header": { "version" : "1.0"}, "Tournament" : {"T_ID" : "R2019480","TournamentName" : "Wells Fargo Championship","TournamentPermId" : "480","TournamentTourType" : "TOR","currentTime" : "7:53:08 PM ET. 05\/03\/2019","hh" : "19","nn" : "53","ss" : "08","yyyy" : "2019","mm" : "05","dd" : "03","tz" : "ET", "Players" : [{"PlayerName" : "Albertson, Anders","TournamentPlayerId" : "49303","isAlternate" : "No","isMember" : "Yes","ShortName" : "A"},{"PlayerName" : "An, Byeong Hun","TournamentPlayerId" : "33948","isAlternate" : "No","isMember" : "Yes","ShortName" : "B"},{"PlayerName" : "Armour, Ryan","TournamentPlayerId" : "19803","isAlternate" : "No","isMember" : "Yes","ShortName" : "R"},{"PlayerName" : "Bae, Sangmoon","TournamentPlayerId" : "28259","isAlternate" : "No","isMember" : "Yes","ShortName" : "S"},{"PlayerName" : "Berger, Daniel","TournamentPlayerId" : "40026","isAlternate" : "No","isMember" : "Yes","ShortName" : "D"},{"PlayerName" : "Blaum, Ryan","TournamentPlayerId" : "27958","isAlternate" : "No","isMember" : "Yes","ShortName" : "R"},{"PlayerName" : "Blixt, Jonas","TournamentPlayerId" : "27895","isAlternate" : "No","isMember" : "Yes","ShortName" : "J"},{"PlayerName" : "Bozzelli, Dominic","TournamentPlayerId" : "40009","isAlternate" : "No","isMember" : "Yes","ShortName" : "D"},{"PlayerName" : "Bradley, Keegan","TournamentPlayerId" : "33141","isAlternate" : "No","isMember" : "Yes","ShortName" : "K"},{"PlayerName" : "Brown, Scott","TournamentPlayerId" : "29479","isAlternate" : "No","isMember" : "Yes","ShortName" : "S"},{"PlayerName" : "Burns, Sam","TournamentPlayerId" : "47504","isAlternate" : "No","isMember" : "Yes","ShortName" : "S"},{"PlayerName" : "Byrd, Jonathan","TournamentPlayerId" : "24925","isAlternate" : "No","isMember" : "Yes","ShortName" : "J"},{"PlayerName" : "Casey, Paul","TournamentPlayerId" : "25364","isAlternate" : "No","isMember" : "Yes","ShortName" : "P"},{"PlayerName" : "Castro, Roberto","TournamentPlayerId" : "32200","isAlternate" : "No","isMember" : "Yes","ShortName" : "R"},{"PlayerName" : "Cauley, Bud","TournamentPlayerId" : "34021","isAlternate" : "No","isMember" : "Yes","ShortName" : "B"},{"PlayerName" : "Champ, Cameron","TournamentPlayerId" : "52372","isAlternate" : "No","isMember" : "Yes","ShortName" : "C"},{"PlayerName" : "Chin, John","TournamentPlayerId" : "34306","isAlternate" : "No","isMember" : "Yes","ShortName" : "J"},{"PlayerName" : "Clark, Wyndham","TournamentPlayerId" : "51766","isAlternate" : "No","isMember" : "Yes","ShortName" : "W"},{"PlayerName" : "Collins, Chad","TournamentPlayerId" : "25720","isAlternate" : "No","isMember" : "Yes","ShortName" : "C"},{"PlayerName" : "Crane, Ben","TournamentPlayerId" : "23541","isAlternate" : "No","isMember" : "Yes","ShortName" : "B"},{"PlayerName" : "Dahmen, Joel","TournamentPlayerId" : "34076","isAlternate" : "No","isMember" : "Yes","ShortName" : "J"},{"PlayerName" : "Davis, Cameron","TournamentPlayerId" : "45157","isAlternate" : "No","isMember" : "Yes","ShortName" : "C"},{"PlayerName" : "Day, Jason","TournamentPlayerId" : "28089","isAlternate" : "No","isMember" : "Yes","ShortName" : "J"},{"PlayerName" : "Dufner, Jason","TournamentPlayerId" : "25686","isAlternate" : "No","isMember" : "Yes","ShortName" : "J"},{"PlayerName" : "Duncan, Tyler","TournamentPlayerId" : "45609","isAlternate" : "No","isMember" : "Yes","ShortName" : "T"},{"PlayerName" : "Díaz, Roberto","TournamentPlayerId" : "35376","isAlternate" : "No","isMember" : "Yes","ShortName" : "R"},{"PlayerName" : "Els, Ernie","TournamentPlayerId" : "06522","isAlternate" : "No","isMember" : "Yes","ShortName" : "E"},{"PlayerName" : "English, Harris","TournamentPlayerId" : "34099","isAlternate" : "No","isMember" : "Yes","ShortName" : "H"},{"PlayerName" : "Etulain, Julián","TournamentPlayerId" : "30191","isAlternate" : "No","isMember" : "Yes","ShortName" : "J"},{"PlayerName" : "Everett, Broc","TournamentPlayerId" : "54687","isAlternate" : "No","isMember" : "No","ShortName" : "B"},{"PlayerName" : "Every, Matt","TournamentPlayerId" : "28307","isAlternate" : "No","isMember" : "Yes","ShortName" : "M"},{"PlayerName" : "Fathauer, Derek","TournamentPlayerId" : "31416","isAlternate" : "No","isMember" : "Yes","ShortName" : "D"},{"PlayerName" : "Finau, Tony","TournamentPlayerId" : "29725","isAlternate" : "No","isMember" : "Yes","ShortName" : "T"},{"PlayerName" : "Fowler, Rickie","TournamentPlayerId" : "32102","isAlternate" : "No","isMember" : "Yes","ShortName" : "R"},{"PlayerName" : "Frittelli, Dylan","TournamentPlayerId" : "29970","isAlternate" : "No","isMember" : "Yes","ShortName" : "D"},{"PlayerName" : "Garber, Joey","TournamentPlayerId" : "46523","isAlternate" : "No","isMember" : "Yes","ShortName" : "J"},{"PlayerName" : "Garcia, Sergio","TournamentPlayerId" : "21209","isAlternate" : "No","isMember" : "Yes","ShortName" : "S"},{"PlayerName" : "Garnett, Brice","TournamentPlayerId" : "29535","isAlternate" : "No","isMember" : "Yes","ShortName" : "B"},{"PlayerName" : "Glover, Lucas","TournamentPlayerId" : "25900","isAlternate" : "No","isMember" : "Yes","ShortName" : "L"},{"PlayerName" : "Goggin, Mathew","TournamentPlayerId" : "20574","isAlternate" : "No","isMember" : "No","ShortName" : "M"},{"PlayerName" : "Gribble, Cody","TournamentPlayerId" : "39954","isAlternate" : "No","isMember" : "Yes","ShortName" : "C"},{"PlayerName" : "Gómez, Fabián","TournamentPlayerId" : "28679","isAlternate" : "No","isMember" : "Yes","ShortName" : "F"},{"PlayerName" : "Haas, Bill","TournamentPlayerId" : "24924","isAlternate" : "No","isMember" : "Yes","ShortName" : "B"},{"PlayerName" : "Hadley, Chesson","TournamentPlayerId" : "34563","isAlternate" : "No","isMember" : "Yes","ShortName" : "C"},{"PlayerName" : "Hadwin, Adam","TournamentPlayerId" : "33399","isAlternate" : "No","isMember" : "Yes","ShortName" : "A"},{"PlayerName" : "Hagy, Brandon","TournamentPlayerId" : "46550","isAlternate" : "No","isMember" : "Yes","ShortName" : "B"},{"PlayerName" : "Harkins, Brandon","TournamentPlayerId" : "35421","isAlternate" : "No","isMember" : "Yes","ShortName" : "B"},{"PlayerName" : "Harman, Brian","TournamentPlayerId" : "27644","isAlternate" : "No","isMember" : "Yes","ShortName" : "B"},{"PlayerName" : "Harrington, Padraig","TournamentPlayerId" : "20766","isAlternate" : "No","isMember" : "Yes","ShortName" : "P"},{"PlayerName" : "Hearn, David","TournamentPlayerId" : "26758","isAlternate" : "No","isMember" : "Yes","ShortName" : "D"},{"PlayerName" : "Henley, Russell","TournamentPlayerId" : "34098","isAlternate" : "No","isMember" : "Yes","ShortName" : "R"},{"PlayerName" : "Henry, J.J.","TournamentPlayerId" : "23353","isAlternate" : "No","isMember" : "Yes","ShortName" : "J"},{"PlayerName" : "Herman, Jim","TournamentPlayerId" : "31557","isAlternate" : "No","isMember" : "Yes","ShortName" : "J"},{"PlayerName" : "Hickok, Kramer","TournamentPlayerId" : "49298","isAlternate" : "No","isMember" : "Yes","ShortName" : "K"},{"PlayerName" : "Hoge, Tom","TournamentPlayerId" : "35532","isAlternate" : "No","isMember" : "Yes","ShortName" : "T"},{"PlayerName" : "Holmes, J.B.","TournamentPlayerId" : "27141","isAlternate" : "No","isMember" : "Yes","ShortName" : "J"},{"PlayerName" : "Homa, Max","TournamentPlayerId" : "39977","isAlternate" : "No","isMember" : "Yes","ShortName" : "M"},{"PlayerName" : "Hossler, Beau","TournamentPlayerId" : "35461","isAlternate" : "No","isMember" : "Yes","ShortName" : "B"},{"PlayerName" : "Howell III, Charles","TournamentPlayerId" : "21961","isAlternate" : "No","isMember" : "Yes","ShortName" : "C"},{"PlayerName" : "Hughes, Mackenzie","TournamentPlayerId" : "35506","isAlternate" : "No","isMember" : "Yes","ShortName" : "M"},{"PlayerName" : "Hurley III, Billy","TournamentPlayerId" : "29222","isAlternate" : "No","isMember" : "Yes","ShortName" : "B"},{"PlayerName" : "Im, Sungjae","TournamentPlayerId" : "39971","isAlternate" : "No","isMember" : "Yes","ShortName" : "S"},{"PlayerName" : "Jacobson, Freddie","TournamentPlayerId" : "21731","isAlternate" : "No","isMember" : "Yes","ShortName" : "F"},{"PlayerName" : "Jaeger, Stephan","TournamentPlayerId" : "36799","isAlternate" : "No","isMember" : "Yes","ShortName" : "S"},{"PlayerName" : "Johnson, Zach","TournamentPlayerId" : "24024","isAlternate" : "No","isMember" : "Yes","ShortName" : "Z"},{"PlayerName" : "Jones, Kyle","TournamentPlayerId" : "47990","isAlternate" : "No","isMember" : "Yes","ShortName" : "K"},{"PlayerName" : "Jones, Matt","TournamentPlayerId" : "26300","isAlternate" : "No","isMember" : "Yes","ShortName" : "M"},{"PlayerName" : "Kang, Sung","TournamentPlayerId" : "27974","isAlternate" : "No","isMember" : "Yes","ShortName" : "S"},{"PlayerName" : "Kim, Whee","TournamentPlayerId" : "37454","isAlternate" : "No","isMember" : "Yes","ShortName" : "W"},{"PlayerName" : "Knost, Colt","TournamentPlayerId" : "30711","isAlternate" : "No","isMember" : "Yes","ShortName" : "C"},{"PlayerName" : "Knous, Jim","TournamentPlayerId" : "36852","isAlternate" : "No","isMember" : "Yes","ShortName" : "J"},{"PlayerName" : "Kokrak, Jason","TournamentPlayerId" : "30944","isAlternate" : "No","isMember" : "Yes","ShortName" : "J"},{"PlayerName" : "Kraft, Kelly","TournamentPlayerId" : "35879","isAlternate" : "No","isMember" : "Yes","ShortName" : "K"},{"PlayerName" : "Lahiri, Anirban","TournamentPlayerId" : "31420","isAlternate" : "No","isMember" : "Yes","ShortName" : "A"},{"PlayerName" : "Laird, Martin","TournamentPlayerId" : "27936","isAlternate" : "No","isMember" : "Yes","ShortName" : "M"},{"PlayerName" : "Langley, Scott","TournamentPlayerId" : "34261","isAlternate" : "No","isMember" : "Yes","ShortName" : "S"},{"PlayerName" : "Lashley, Nate","TournamentPlayerId" : "28775","isAlternate" : "No","isMember" : "Yes","ShortName" : "N"},{"PlayerName" : "Lebioda, Hank","TournamentPlayerId" : "49766","isAlternate" : "No","isMember" : "Yes","ShortName" : "H"},{"PlayerName" : "Lee, Danny","TournamentPlayerId" : "29926","isAlternate" : "No","isMember" : "Yes","ShortName" : "D."},{"PlayerName" : "Lee, Kyoung-Hoon","TournamentPlayerId" : "32791","isAlternate" : "No","isMember" : "Yes","ShortName" : "K"},{"PlayerName" : "Lindheim, Nicholas","TournamentPlayerId" : "37278","isAlternate" : "No","isMember" : "Yes","ShortName" : "N"},{"PlayerName" : "List, Luke","TournamentPlayerId" : "27129","isAlternate" : "No","isMember" : "Yes","ShortName" : "L"},{"PlayerName" : "Long, Adam","TournamentPlayerId" : "35449","isAlternate" : "No","isMember" : "Yes","ShortName" : "A"},{"PlayerName" : "Lovelady, Tom","TournamentPlayerId" : "50526","isAlternate" : "No","isMember" : "Yes","ShortName" : "T"},{"PlayerName" : "Luck, Curtis","TournamentPlayerId" : "37380","isAlternate" : "No","isMember" : "Yes","ShortName" : "C"},{"PlayerName" : "MacKenzie, Will","TournamentPlayerId" : "24912","isAlternate" : "No","isMember" : "Yes","ShortName" : "W"},{"PlayerName" : "Malnati, Peter","TournamentPlayerId" : "34466","isAlternate" : "No","isMember" : "Yes","ShortName" : "P"},{"PlayerName" : "Matsuyama, Hideki","TournamentPlayerId" : "32839","isAlternate" : "No","isMember" : "Yes","ShortName" : "H"},{"PlayerName" : "McCarthy, Denny","TournamentPlayerId" : "47993","isAlternate" : "No","isMember" : "Yes","ShortName" : "D"},{"PlayerName" : "McDaniel, Chip","TournamentPlayerId" : "55421","isAlternate" : "No","isMember" : "No","ShortName" : "C"},{"PlayerName" : "McIlroy, Rory","TournamentPlayerId" : "28237","isAlternate" : "No","isMember" : "Yes","ShortName" : "R"},{"PlayerName" : "Mickelson, Phil","TournamentPlayerId" : "01810","isAlternate" : "No","isMember" : "Yes","ShortName" : "P"},{"PlayerName" : "Mitchell, Keith","TournamentPlayerId" : "39546","isAlternate" : "No","isMember" : "Yes","ShortName" : "K"},{"PlayerName" : "Mullinax, Trey","TournamentPlayerId" : "46601","isAlternate" : "No","isMember" : "Yes","ShortName" : "T"},{"PlayerName" : "Muñoz, Sebastián","TournamentPlayerId" : "48822","isAlternate" : "No","isMember" : "Yes","ShortName" : "S"},{"PlayerName" : "Niemann, Joaquin","TournamentPlayerId" : "45486","isAlternate" : "No","isMember" : "Yes","ShortName" : "J"},{"PlayerName" : "Ortiz, Alvaro","TournamentPlayerId" : "39262","isAlternate" : "No","isMember" : "No","ShortName" : "A"},{"PlayerName" : "Ortiz, Carlos","TournamentPlayerId" : "33667","isAlternate" : "No","isMember" : "Yes","ShortName" : "C"},{"PlayerName" : "Pampling, Rod","TournamentPlayerId" : "20572","isAlternate" : "No","isMember" : "Yes","ShortName" : "R"},{"PlayerName" : "Perez, Pat","TournamentPlayerId" : "24361","isAlternate" : "No","isMember" : "Yes","ShortName" : "P"},{"PlayerName" : "Piller, Martin","TournamentPlayerId" : "32876","isAlternate" : "No","isMember" : "Yes","ShortName" : "M"},{"PlayerName" : "Poston, J.T.","TournamentPlayerId" : "49771","isAlternate" : "No","isMember" : "Yes","ShortName" : "J"},{"PlayerName" : "Potter, Jr., Ted","TournamentPlayerId" : "27556","isAlternate" : "No","isMember" : "Yes","ShortName" : "T"},{"PlayerName" : "Power, Seamus","TournamentPlayerId" : "28252","isAlternate" : "No","isMember" : "Yes","ShortName" : "S"},{"PlayerName" : "Prugh, Alex","TournamentPlayerId" : "30946","isAlternate" : "No","isMember" : "Yes","ShortName" : "A"},{"PlayerName" : "Reavie, Chez","TournamentPlayerId" : "26476","isAlternate" : "No","isMember" : "Yes","ShortName" : "C"},{"PlayerName" : "Redman, Doc","TournamentPlayerId" : "53165","isAlternate" : "No","isMember" : "No","ShortName" : "D"},{"PlayerName" : "Reed, Patrick","TournamentPlayerId" : "34360","isAlternate" : "No","isMember" : "Yes","ShortName" : "P"},{"PlayerName" : "Reeves, Seth","TournamentPlayerId" : "47856","isAlternate" : "No","isMember" : "Yes","ShortName" : "S"},{"PlayerName" : "Roach, Wes","TournamentPlayerId" : "35732","isAlternate" : "No","isMember" : "Yes","ShortName" : "W"},{"PlayerName" : "Rodríguez, José de Jesús","TournamentPlayerId" : "32058","isAlternate" : "No","isMember" : "Yes","ShortName" : "J"},{"PlayerName" : "Rose, Justin","TournamentPlayerId" : "22405","isAlternate" : "No","isMember" : "Yes","ShortName" : "J"},{"PlayerName" : "Sabbatini, Rory","TournamentPlayerId" : "23621","isAlternate" : "No","isMember" : "Yes","ShortName" : "R"},{"PlayerName" : "Saunders, Sam","TournamentPlayerId" : "29223","isAlternate" : "No","isMember" : "Yes","ShortName" : "S"},{"PlayerName" : "Schenk, Adam","TournamentPlayerId" : "47347","isAlternate" : "No","isMember" : "Yes","ShortName" : "A"},{"PlayerName" : "Schnell, Brady","TournamentPlayerId" : "30786","isAlternate" : "No","isMember" : "Yes","ShortName" : "B"},{"PlayerName" : "Schniederjans, Ollie","TournamentPlayerId" : "46501","isAlternate" : "No","isMember" : "Yes","ShortName" : "O"},{"PlayerName" : "Scott, Steve","TournamentPlayerId" : "21452","isAlternate" : "No","isMember" : "No","ShortName" : "S"},{"PlayerName" : "Senden, John","TournamentPlayerId" : "20645","isAlternate" : "No","isMember" : "Yes","ShortName" : "J"},{"PlayerName" : "Short, Matthew","TournamentPlayerId" : "49709","isAlternate" : "No","isMember" : "No","ShortName" : "M"},{"PlayerName" : "Silverman, Ben","TournamentPlayerId" : "39327","isAlternate" : "No","isMember" : "Yes","ShortName" : "B"},{"PlayerName" : "Simpson, Webb","TournamentPlayerId" : "29221","isAlternate" : "No","isMember" : "Yes","ShortName" : "W"},{"PlayerName" : "Sloan, Roger","TournamentPlayerId" : "33486","isAlternate" : "No","isMember" : "Yes","ShortName" : "R"},{"PlayerName" : "Stallings, Scott","TournamentPlayerId" : "30692","isAlternate" : "No","isMember" : "Yes","ShortName" : "S"},{"PlayerName" : "Stamey, Nathan","TournamentPlayerId" : "33241","isAlternate" : "No","isMember" : "No","ShortName" : "N"},{"PlayerName" : "Stanley, Kyle","TournamentPlayerId" : "30110","isAlternate" : "No","isMember" : "Yes","ShortName" : "K"},{"PlayerName" : "Steele, Brendan","TournamentPlayerId" : "29518","isAlternate" : "No","isMember" : "Yes","ShortName" : "B"},{"PlayerName" : "Stefani, Shawn","TournamentPlayerId" : "33418","isAlternate" : "No","isMember" : "Yes","ShortName" : "S"},{"PlayerName" : "Stenson, Henrik","TournamentPlayerId" : "21528","isAlternate" : "No","isMember" : "Yes","ShortName" : "H"},{"PlayerName" : "Straka, Sepp","TournamentPlayerId" : "49960","isAlternate" : "No","isMember" : "Yes","ShortName" : "S"},{"PlayerName" : "Streb, Robert","TournamentPlayerId" : "34431","isAlternate" : "No","isMember" : "Yes","ShortName" : "R"},{"PlayerName" : "Streelman, Kevin","TournamentPlayerId" : "27214","isAlternate" : "No","isMember" : "Yes","ShortName" : "K"},{"PlayerName" : "Stroud, Chris","TournamentPlayerId" : "27963","isAlternate" : "No","isMember" : "Yes","ShortName" : "C"},{"PlayerName" : "Sucher, Zack","TournamentPlayerId" : "33449","isAlternate" : "No","isMember" : "Yes","ShortName" : "Z"},{"PlayerName" : "Svensson, Adam","TournamentPlayerId" : "40115","isAlternate" : "No","isMember" : "Yes","ShortName" : "A"},{"PlayerName" : "Swafford, Hudson","TournamentPlayerId" : "34264","isAlternate" : "No","isMember" : "Yes","ShortName" : "H"},{"PlayerName" : "Taylor, Nick","TournamentPlayerId" : "25493","isAlternate" : "No","isMember" : "Yes","ShortName" : "N"},{"PlayerName" : "Taylor, Vaughn","TournamentPlayerId" : "23325","isAlternate" : "No","isMember" : "Yes","ShortName" : "V"},{"PlayerName" : "Teater, Josh","TournamentPlayerId" : "27330","isAlternate" : "No","isMember" : "Yes","ShortName" : "J"},{"PlayerName" : "Thompson, Chris","TournamentPlayerId" : "10387","isAlternate" : "No","isMember" : "Yes","ShortName" : "C"},{"PlayerName" : "Thompson, Michael","TournamentPlayerId" : "32150","isAlternate" : "No","isMember" : "Yes","ShortName" : "M"},{"PlayerName" : "Todd, Brendon","TournamentPlayerId" : "30927","isAlternate" : "No","isMember" : "Yes","ShortName" : "B"},{"PlayerName" : "Trainer, Martin","TournamentPlayerId" : "35617","isAlternate" : "No","isMember" : "Yes","ShortName" : "M"},{"PlayerName" : "Tringale, Cameron","TournamentPlayerId" : "33419","isAlternate" : "No","isMember" : "Yes","ShortName" : "C"},{"PlayerName" : "Uihlein, Peter","TournamentPlayerId" : "29484","isAlternate" : "No","isMember" : "Yes","ShortName" : "P"},{"PlayerName" : "Van Aswegen, Tyrone","TournamentPlayerId" : "28132","isAlternate" : "No","isMember" : "Yes","ShortName" : "T"},{"PlayerName" : "Varner III, Harold","TournamentPlayerId" : "37189","isAlternate" : "No","isMember" : "Yes","ShortName" : "H"},{"PlayerName" : "Vegas, Jhonattan","TournamentPlayerId" : "27064","isAlternate" : "No","isMember" : "Yes","ShortName" : "J"},{"PlayerName" : "Wagner, Johnson","TournamentPlayerId" : "26951","isAlternate" : "No","isMember" : "Yes","ShortName" : "J"},{"PlayerName" : "Walker, Jimmy","TournamentPlayerId" : "25632","isAlternate" : "No","isMember" : "Yes","ShortName" : "J"},{"PlayerName" : "Watney, Nick","TournamentPlayerId" : "27095","isAlternate" : "No","isMember" : "Yes","ShortName" : "N"},{"PlayerName" : "Werenski, Richy","TournamentPlayerId" : "47128","isAlternate" : "No","isMember" : "Yes","ShortName" : "R"},{"PlayerName" : "Willett, Danny","TournamentPlayerId" : "32139","isAlternate" : "No","isMember" : "Yes","ShortName" : "D"},{"PlayerName" : "Wise, Aaron","TournamentPlayerId" : "49964","isAlternate" : "No","isMember" : "Yes","ShortName" : "A"},{"PlayerName" : "Woodland, Gary","TournamentPlayerId" : "31323","isAlternate" : "No","isMember" : "Yes","ShortName" : "G"},{"PlayerName" : "Wright, Chase","TournamentPlayerId" : "37340","isAlternate" : "No","isMember" : "Yes","ShortName" : "C"}]}}
