{"Nelly\u00a0Korda": {"link": "https://www.lpga.com/https://lpga.com//players/nelly-korda/98350/overview", "pic_link": "https://lpga.com/-/media/images/lpga/players/k/korda/nelly/korda_nelly_bio2021_620x650.png?h=650&la=en&w=620&hash=5275AD59B25A94CAD68749D039CEAACE8F69F1CD"}, "Lydia\u00a0Ko": {"link": "https://www.lpga.com/https://lpga.com//players/lydia-ko/98109/overview", "pic_link": "https://lpga.com/-/media/images/lpga/players/k/ko/lydia/kolydia_2021bio_620x650.png?h=650&la=en&w=620&hash=6C7D41F366DBAF5167D80AC74ACCBE81821A8179"}, "Patty\u00a0Tavatanakit": {"link": "https://www.lpga.com/https://lpga.com//players/patty-tavatanakit/98501/overview", "pic_link": "https://lpga.com/-/media/images/lpga/players/t/tavatanakit/tavatanakit_patty_bio21_620x650.png?h=650&la=en&w=620&hash=5EA8290910854F6E67616C4C76D03E47FA05875A"}, "Inbee\u00a0Park": {"link": "https://www.lpga.com/https://lpga.com//players/inbee-park/82866/overview", "pic_link": "https://lpga.com/-/media/images/lpga/players/p/park/inbee/park_inbee_2021bio_620x650.png?h=650&la=en&w=620&hash=DB926FB86E127FFD1C3DAA357893F8468629E6B6"}, "Ariya\u00a0Jutanugarn": {"link": "https://www.lpga.com/https://lpga.com//players/ariya-jutanugarn/93475/overview", "pic_link": "https://lpga.com/-/media/images/lpga/players/j/jutanugarn/ariya/2016-ariya-jutanugarn-bio-620x650.png?h=650&la=en&w=620&hash=ABAE903487A351E602A224975DF70B0399CC54E6"}, "Jin Young\u00a0Ko": {"link": "https://www.lpga.com/https://lpga.com//players/jin-young-ko/98455/overview", "pic_link": "https://lpga.com/-/media/images/lpga/players/k/ko/jin-young/ko_jin_young_bio2020_620x650.png?h=650&la=en&w=620&hash=481BD74EDF5446811B1B5326B5B5B56C8161AF76"}, "Jessica\u00a0Korda": {"link": "https://www.lpga.com/https://lpga.com//players/jessica-korda/88399/overview", "pic_link": "https://lpga.com/-/media/images/lpga/players/k/korda/jessica/korda_jessica_bio2021_620x650.png?h=650&la=en&w=620&hash=D4A5801478FEE4815F11921BFA3D4B0A89997DCE"}, "Lexi\u00a0Thompson": {"link": "https://www.lpga.com/https://lpga.com//players/lexi-thompson/98184/overview", "pic_link": "https://lpga.com/-/media/images/lpga/players/t/thompson/lexi/thompson_lexi_bio-620x650.png?h=650&la=en&w=620&hash=C53ED2B09315CA4320D5A564E93ED7C581B68B99"}, "Danielle\u00a0Kang": {"link": "https://www.lpga.com/https://lpga.com//players/danielle-kang/88561/overview", "pic_link": "https://lpga.com/-/media/images/lpga/players/k/kang/danielle/kang_danielle_bio21_620x650.png?h=650&la=en&w=620&hash=034923E1B30034F67E8A3796826699E4FFDFBFF1"}, "Hyo Joo\u00a0Kim": {"link": "https://www.lpga.com/https://lpga.com//players/hyo-joo-kim/98236/overview", "pic_link": "https://lpga.com/-/media/images/lpga/players/k/kim/hyo-joo/kim_hyo_joo_bio2021_620x650.png?h=650&la=en&w=620&hash=EBBE717140D26A42921C435B3FF13FB189556B2A"}, "Leona\u00a0Maguire": {"link": "https://www.lpga.com/https://lpga.com//players/leona-maguire/98270/overview", "pic_link": "https://lpga.com/-/media/images/symetra-tour/players/m/maguire/leona/maguireleona_hs17_470x486.jpg?h=486&la=en&w=470&hash=D6563A7D9E8B50D62534622C3BC43FF6C2EC7DD0"}, "Moriya\u00a0Jutanugarn": {"link": "https://www.lpga.com/https://lpga.com//players/moriya-jutanugarn/98001/overview", "pic_link": "https://lpga.com/-/media/images/lpga/players/j/jutanugarn/moriya/2016-moriya-jutanugarn-bio-620x650.png?h=650&la=en&w=620&hash=1F5C48B934169BA1729B8627A12CF5E6A1BBFF81"}, "Minjee\u00a0Lee": {"link": "https://www.lpga.com/https://lpga.com//players/minjee-lee/98193/overview", "pic_link": "https://lpga.com/-/media/images/lpga/players/l/lee/minjee/lee_minjee_2021bio_620x650.png?h=650&la=en&w=620&hash=9AC7A2C45222181D157D87AA0F86821C50BD2D64"}, "Brooke M.\u00a0Henderson": {"link": "https://www.lpga.com/https://lpga.com//players/brooke-henderson/98267/overview", "pic_link": "https://lpga.com/-/media/images/lpga/players/h/henderson/brooke/henderson_brooke_bio2020_620x650.png?h=650&la=en&w=620&hash=2312D62A9EFA3441961B65EE120FD1C42441BE54"}, "Sei Young\u00a0Kim": {"link": "https://www.lpga.com/https://lpga.com//players/sei-young-kim/98371/overview", "pic_link": "https://lpga.com/-/media/images/lpga/players/k/kim/sei-young/kim_sei_young_bio2021_620x650.png?h=650&la=en&w=620&hash=BE20CF13DD482E63ECF4C08A0E6C968026D4AED2"}, "Nasa\u00a0Hataoka": {"link": "https://www.lpga.com/https://lpga.com//players/nasa-hataoka/98830/overview", "pic_link": "https://lpga.com/-/media/images/lpga/players/h/hataoka/nasa/hataoka_nasa_2021bio_620x650.png?h=650&la=en&w=620&hash=CC18C745AC6F46A5F5CC3331AB3A1484E8543334"}, "Ally\u00a0Ewing": {"link": "https://www.lpga.com/https://lpga.com//players/ally-ewing/98440/overview", "pic_link": "https://lpga.com/-/media/images/lpga/players/m/mcdonald/ally/mcdonald_ally_bio19_620x650.png?h=650&la=en&w=620&hash=636D0712F7CE48FF42322886AA718D2C7FFB640B"}, "Hannah\u00a0Green": {"link": "https://www.lpga.com/https://lpga.com//players/hannah-green/98813/overview", "pic_link": "https://lpga.com/-/media/images/lpga/players/g/green/hannah/green_hannah_bio2020_620x650.png?h=650&la=en&w=620&hash=138085E9728443BFD0F60FF6ECAA971E2A936DEE"}, "Matilda\u00a0Castren": {"link": "https://www.lpga.com/https://lpga.com//players/matilda-castren/99270/overview", "pic_link": "https://lpga.com/-/media/images/lpga/players/c/castren/matilda/castren_matilda_hs19_470x486.jpg?h=486&la=en&w=470&hash=4236DF2C5D843D503AD6B4A0739B3EC318B375F7"}, "Austin\u00a0Ernst": {"link": "https://www.lpga.com/https://lpga.com//players/austin-ernst/98213/overview", "pic_link": "https://lpga.com/-/media/images/lpga/players/e/ernst/austin/ernstaustin_bio2018_620x650.png?h=650&la=en&w=620&hash=21C63AA29F879D9E330829911715C6A97560D380"}, "So Yeon\u00a0Ryu": {"link": "https://www.lpga.com/https://lpga.com//players/so-yeon-ryu/98006/overview", "pic_link": "https://lpga.com/-/media/images/lpga/players/r/ryu/so-yeon/ryu_so_yeon_bio18_620x650.png?h=650&la=en&w=620&hash=DF4DDB8C60193C7B0D896DEB4198959E691C8F4A"}, "In Gee\u00a0Chun": {"link": "https://www.lpga.com/https://lpga.com//players/in-gee-chun/98372/overview", "pic_link": "https://lpga.com/-/media/images/lpga/players/c/chun/in-gee/chun_in_gee_bio21_620x650.png?h=650&la=en&w=620&hash=B723960DDFC26441FBC9B6B8990D37D71ED594D6"}, "Amy\u00a0Yang": {"link": "https://www.lpga.com/https://lpga.com//players/amy-yang/82901/overview", "pic_link": "https://lpga.com/-/media/images/lpga/players/y/yang/amy/yang_amy_bio19_620x650.png?h=650&la=en&w=620&hash=5C4B8EE7F3115CCF8D77BED8815B48826D42BCCE"}, "Yuka\u00a0Saso": {"link": "https://www.lpga.com/https://lpga.com//players/yuka-saso/100129/overview", "pic_link": "https://lpga.com/-/media/images/lpga/players/s/saso/yuka/saso_yuka_hs2019_470x486.jpg?h=486&la=en&w=470&hash=DDC99B61DEC5460224E15D4EDEE30E0E9C96225B"}, "Lizette\u00a0Salas": {"link": "https://www.lpga.com/https://lpga.com//players/lizette-salas/88510/overview", "pic_link": "https://lpga.com/-/media/images/lpga/players/s/salas/lizette/salas_lizette_21bio_620x650.png?h=650&la=en&w=620&hash=D2B45C869FF975108AC4025A59F166221466F7B8"}, "Jeongeun\u00a0Lee6": {"link": "https://www.lpga.com/https://lpga.com//players/jeongeun-lee6/99109/overview", "pic_link": "https://lpga.com/-/media/images/lpga/players/l/lee6/jeongeun/lee6_jeongeun_bio2021_620x650.png?h=650&la=en&w=620&hash=2797803D87D4D11F5C28DD492AFCABF07A3C9B97"}, "Shanshan\u00a0Feng": {"link": "https://www.lpga.com/https://lpga.com//players/shanshan-feng/82874/overview", "pic_link": "https://lpga.com/-/media/images/lpga/players/f/feng/shanshan/feng_shanshan_bio2018_620x650.png?h=650&la=en&w=620&hash=FA16B514120791F49572333D628C0477F214DC63"}, "Wei-Ling\u00a0Hsu": {"link": "https://www.lpga.com/https://lpga.com//players/wei-ling%20hsu/98290/overview", "pic_link": "https://lpga.com/-/media/images/lpga/players/h/hsu/wei-ling/hsu_wei-ling_2021bio_620x650.png?h=650&la=en&w=620&hash=17A972D1FD11B9618CFBCAE49B2380942588BFAF"}, "Jennifer\u00a0Kupcho": {"link": "https://www.lpga.com/https://lpga.com//players/jennifer-kupcho/98842/overview", "pic_link": "https://lpga.com/-/media/images/lpga/players/k/kupcho/jennifer/kupcho_jennifer_2019bio_620x650.png?h=650&la=en&w=620&hash=0820B0E39166C3BA168BE8654ADA181908BAF71E"}, "Celine\u00a0Boutier": {"link": "https://www.lpga.com/https://lpga.com//players/celine-boutier/98355/overview", "pic_link": "https://lpga.com/-/media/images/lpga/players/b/boutier/celine/boutier_celine_bio2020_620x650.png?la=en&hash=0DAED4DA3513465BC3FF070123DE1510AB1B16B1"}, "Angel\u00a0Yin": {"link": "https://www.lpga.com/https://lpga.com//players/angel-yin/98263/overview", "pic_link": "https://lpga.com/-/media/images/lpga/players/y/yin/angel/yin_angel_bio19_620x650.png?h=650&la=en&w=620&hash=CD9F2F3CDAB08E9CBED233B57DB4AC47A7C9DA1A"}, "Megan\u00a0Khang": {"link": "https://www.lpga.com/https://lpga.com//players/megan-khang/98244/overview", "pic_link": "https://lpga.com/-/media/images/lpga/players/k/khang/megan/khang_megan_bio2019_620x650.png?h=650&la=en&w=620&hash=0CCE991207F1862F6D3B620881FD5DECAE4531E2"}, "Brittany\u00a0Altomare": {"link": "https://www.lpga.com/https://lpga.com//players/brittany-altomare/98010/overview", "pic_link": "https://lpga.com/-/media/images/lpga/players/a/altomare/brittany/altomare_brittany_bio19_620x650.png?h=650&la=en&w=620&hash=5D3BD656A8A4860D5281C5FEAB8C00B961F1C7ED"}, "Yealimi\u00a0Noh": {"link": "https://www.lpga.com/https://lpga.com//players/yealimi-noh/99643/overview", "pic_link": "https://lpga.com/-/media/images/lpga/players/n/noh/yealimi/2021-yelami-noh-620x650.png?h=650&la=en&w=620&hash=27E2553F372B980405DC7F9500506BD05FDA0B6A"}, "Gaby\u00a0Lopez": {"link": "https://www.lpga.com/https://lpga.com//players/gaby-lopez/53696/overview", "pic_link": "https://lpga.com/-/media/images/lpga/players/l/lopez/gaby/lopez_gaby_bio21_620x650.png?h=650&la=en&w=620&hash=F0AFA13DDC9336E2F6C2651F0A37E46270EA0842"}, "Sophia\u00a0Popov": {"link": "https://www.lpga.com/https://lpga.com//players/sophia-popov/98113/overview", "pic_link": "https://lpga.com/-/media/images/lpga/players/p/popov/sophia/popov_sophia_bio2021_620x650.png?h=650&la=en&w=620&hash=49108B59D14F14A39D79720E8207E783332504AB"}, "Amy\u00a0Olson": {"link": "https://www.lpga.com/https://lpga.com//players/amy-olson/98084/overview", "pic_link": "https://lpga.com/-/media/images/lpga/players/o/olson/amy/olson_amy_bio2019_620x650.png?h=650&la=en&w=620&hash=8C5AB8A1CA7FA2FAD321B471CC4A73BE3666D358"}, "Jenny\u00a0Shin": {"link": "https://www.lpga.com/https://lpga.com//players/jenny-shin/88308/overview", "pic_link": "https://lpga.com/-/media/images/lpga/players/s/shin/jenny/shinj_bio2021_620x650.png?h=650&la=en&w=620&hash=E76A06ED298E7B5BF62B4720FF92D97FB34C7EEE"}, "Lauren\u00a0Stephenson": {"link": "https://www.lpga.com/https://lpga.com//players/lauren-stephenson/99708/overview", "pic_link": "https://lpga.com/-/media/images/lpga/players/s/stephenson/lauren/stephenson_lauren_bio20_620x650.png?h=650&la=en&w=620&hash=EDEC6C5929835AB5A3200F2EBB607ED2D7F99905"}, "Mina\u00a0Harigae": {"link": "https://www.lpga.com/https://lpga.com//players/mina-harigae/88260/overview", "pic_link": "https://lpga.com/-/media/images/lpga/players/h/harigae/mina/harigae_mina_bio2020_620x650.png?h=650&la=en&w=620&hash=74EAB215E6E64FE0DEFDC56B69DBD0C33C0F359E"}, "Nanna\u00a0Koerstz Madsen": {"link": "https://www.lpga.com/https://lpga.com//players/nanna-koerstz-madsen/98618/overview", "pic_link": "https://lpga.com/-/media/images/lpga/players/k/koerstz-madsen/nanna/koerstzmadsen_nanna_bio2021_620x650.png?h=650&la=en&w=620&hash=2E7EE1E34717BD3FFFB7B771C81434255AD94FDC"}, "Georgia\u00a0Hall": {"link": "https://www.lpga.com/https://lpga.com//players/georgia-hall/98334/overview", "pic_link": "https://lpga.com/-/media/images/lpga/players/h/hall/georgia/hall_georgia_bio2021_620x650.png?h=650&la=en&w=620&hash=377BC54292EFDDC74DC47BC2C71B016839CF71E1"}, "Stacy\u00a0Lewis": {"link": "https://www.lpga.com/https://lpga.com//players/stacy-lewis/88105/overview", "pic_link": "https://lpga.com/-/media/images/lpga/players/l/lewis/stacy/lewis_stacy_bio_2014.png?h=650&la=en&w=620&hash=205D38431E73DA5293819383E2B6C24DF0796205"}, "Pajaree\u00a0Anannarukarn": {"link": "https://www.lpga.com/https://lpga.com//players/pajaree-anannarukarn/99068/overview", "pic_link": "https://lpga.com/-/media/images/lpga/players/a/anannarukarn/pajaree/pajaree_anannarukarn_bio_620x650.png?h=650&la=en&w=620&hash=862B56C9F8839A4C0AE61D25915618232693917C"}, "Jenny\u00a0Coleman": {"link": "https://www.lpga.com/https://lpga.com//players/jenny-coleman/98528/overview", "pic_link": "https://lpga.com/-/media/images/lpga/players/c/coleman/jenny/coleman_jenny_hs19_470x486.jpg?h=486&la=en&w=470&hash=70DA7C4BCF46C8BBD109B7BC04AC4318D00E9B8C"}, "Xiyu\u00a0Lin": {"link": "https://www.lpga.com/https://lpga.com//players/xiyu-lin/98106/overview", "pic_link": "https://lpga.com/-/media/images/lpga/players/l/lin/xi-yu/lin_xiyu_bio18_620x650.png?h=650&la=en&w=620&hash=DDFF27FEA24EE3854EF3CF4D8247E76998E1B0C6"}, "Esther\u00a0Henseleit": {"link": "https://www.lpga.com/https://lpga.com//players/esther-heseleit/100058/overview", "pic_link": "https://lpga.com/-/media/images/lpga/players/h/henseleit/esther/henseleit_esther_hs19_470x486.jpg?h=486&la=en&w=470&hash=9F646F4E7F1DA6770B1C51A5A9501E9171E4FB91"}, "Angela\u00a0Stanford": {"link": "https://www.lpga.com/https://lpga.com//players/angela-stanford/81901/overview", "pic_link": "https://lpga.com/-/media/images/lpga/players/s/stanford/angela/angela_stanford_620x650.png?h=650&la=en&w=620&hash=66D467EBE41C3380A0F843EC200857089660B3DA"}, "Jasmine\u00a0Suwannapura": {"link": "https://www.lpga.com/https://lpga.com//players/jasmine-suwannapura/88543/overview", "pic_link": "https://lpga.com/-/media/images/lpga/players/s/suwannapura/thidapa/suwannapura_j_bio2019_620x650.png?h=650&la=en&w=620&hash=FB2553E11EBA02A5C58975B900044C0E254227B1"}, "Elizabeth\u00a0Szokol": {"link": "https://www.lpga.com/https://lpga.com//players/elizabeth-szokol/98919/overview", "pic_link": "https://lpga.com/-/media/images/lpga/players/s/szokol/elizabeth/szokol_elizabeth_hs16_470x486.jpg?h=486&la=en&w=470&hash=7BED7D68ECA0F6063FDDC17844E2607F310FDCF7"}, "Cydney\u00a0Clanton": {"link": "https://www.lpga.com/https://lpga.com//players/cydney-clanton/88556/overview", "pic_link": "https://lpga.com/-/media/images/lpga/players/c/clanton/cydney/clanton_c_2020bio_620x650.png?h=650&la=en&w=620&hash=A5684E4AD1468927A0CE0FADBF5458EBAD814F47"}, "Sarah\u00a0Kemp": {"link": "https://www.lpga.com/https://lpga.com//players/sarah-kemp/82886/overview", "pic_link": "https://lpga.com/-/media/images/lpga/players/k/kemp/sarah/kemp-sarah-hs-276x273.png?h=273&la=en&w=276&hash=6C72AF47DDE9607D7A8E69C7038A88322A2596EB"}, "Mel\u00a0Reid": {"link": "https://www.lpga.com/https://lpga.com//players/mel-reid/93451/overview", "pic_link": "https://lpga.com/-/media/images/lpga/players/r/reid/mel/reid_mel_bio2020_620x650.png?h=650&la=en&w=620&hash=14DD5FD47BD15A543FD8878791AB33802060CB06"}, "Yu\u00a0Liu": {"link": "https://www.lpga.com/https://lpga.com//players/yu-liu/98237/overview", "pic_link": "https://lpga.com/-/media/images/lpga/players/l/liu/yu/liu_yu_bio2020_620x650.png?h=650&la=en&w=620&hash=E95143D576346855B33465DE5430D4B26D5801BE"}, "Anna\u00a0Nordqvist": {"link": "https://www.lpga.com/https://lpga.com//players/anna-nordqvist/88109/overview", "pic_link": "https://lpga.com/-/media/images/lpga/players/n/nordqvist/anna/nordqvista_2021bio_620x650.png?h=650&la=en&w=620&hash=A67B47FC684BB43F134E362484447F7BBF7C5AE1"}, "Charley\u00a0Hull": {"link": "https://www.lpga.com/https://lpga.com//players/charley-hull/98215/overview", "pic_link": "https://lpga.com/-/media/images/lpga/players/h/hull/charley/hull_charley_bio2021_620x650.png?h=650&la=en&w=620&hash=B0E2C8F2511583EA0B09F8D56299AC5DBADAE56B"}, "Ryann\u00a0O'Toole": {"link": "https://www.lpga.com/https://lpga.com//players/ryannotoole/88214/overview", "pic_link": "https://lpga.com/-/media/images/lpga/players/o/otoole/ryann/otoole_ryann_hs_2017_620x650.png?h=650&la=en&w=620&hash=47DD00BE4905D7A9956EEB8F09AEA27096732B5C"}, "Sarah\u00a0Schmelzel": {"link": "https://www.lpga.com/https://lpga.com//players/sarah-schmelzel/98951/overview", "pic_link": "https://lpga.com/-/media/images/lpga/players/s/schmelzel/sarah/schmelzel_sarah_hs18_470x486.jpg?h=486&la=en&w=470&hash=E6983A8DF4F1C68F230788DA3B8B2515A806C7E2"}, "Caroline\u00a0Masson": {"link": "https://www.lpga.com/https://lpga.com//players/caroline-masson/98119/overview", "pic_link": "https://lpga.com/-/media/images/lpga/players/m/masson/caroline/carolinemasson_bio_2017_620x650.png?h=650&la=en&w=620&hash=45F69728A3B321FF032CEE835A64E0E08914AF4A"}, "Giulia\u00a0Molinaro": {"link": "https://www.lpga.com/https://lpga.com//players/giulia-molinaro/98335/overview", "pic_link": "https://lpga.com/-/media/images/lpga/players/m/molinaro/giulia/molinaro_giulia_hs2019_470x486.jpg?h=486&la=en&w=470&hash=D4B03628DCD22A6B7310B04DA2A6CF6E23059443"}, "Min\u00a0Lee": {"link": "https://www.lpga.com/https://lpga.com//players/min-lee/88910/overview", "pic_link": "https://lpga.com/-/media/images/lpga/players/l/lee/min/min-lee-bio-2021-620x650_v2.png?h=650&la=en&w=620&hash=F87241A36DCBD848F377F48216AF452206218AB1"}, "Carlota\u00a0Ciganda": {"link": "https://www.lpga.com/https://lpga.com//players/carlota-ciganda/93254/overview", "pic_link": "https://lpga.com/-/media/images/lpga/players/c/ciganda/carlota/ciganda_carlota_bio19_620x650.png?h=650&la=en&w=620&hash=C06446CF449B3DF7F720E5FAB7FE8DABF3810393"}, "Gerina\u00a0Piller": {"link": "https://www.lpga.com/https://lpga.com//players/gerina-piller/87765/overview", "pic_link": "https://lpga.com/-/media/images/lpga/players/p/piller/gerina/piller_gerina_bio2021_620x650.png?h=650&la=en&w=620&hash=37410ACC5AE27B1847AADAE810B937BE5D2AE516"}, "Madelene\u00a0Sagstrom": {"link": "https://www.lpga.com/https://lpga.com//players/madelene-sagstrom/98642/overview", "pic_link": "https://lpga.com/-/media/images/lpga/players/s/sagstrom/madelene/2017/sagstrom_madelene_bio20_620x650.png?h=650&la=en&w=620&hash=17074F7B951AAF8DF47310132CC9D95521CDFBA5"}, "Wichanee\u00a0Meechai": {"link": "https://www.lpga.com/https://lpga.com//players/wichanee-meechai/98788/overview", "pic_link": "https://lpga.com/-/media/images/lpga/players/m/meechai/wichanee/15_12_meechai_wichanee_500339754_470x486.jpg?h=486&la=en&w=470&hash=22178C7CB6BBEE35E48206BF18BDBDC9EC957814"}, "Chella\u00a0Choi": {"link": "https://www.lpga.com/https://lpga.com//players/chella-choi/87987/overview", "pic_link": "https://lpga.com/-/media/images/lpga/players/c/choi/chella/choic_bio18_620x650.png?h=650&la=en&w=620&hash=8CD3757F23E36D4D5B734B3639B864AA607575F7"}, "Ashleigh\u00a0Buhai": {"link": "https://www.lpga.com/https://lpga.com//players/ashleigh-buhai/82896/overview", "pic_link": "https://lpga.com/-/media/images/lpga/players/b/buhai/ashleigh/buhai_ashleigh_bio2018_620x650.png?h=650&la=en&w=620&hash=7C70B08D17F6DB5D4F423367A409385EE77557D4"}, "A Lim\u00a0Kim": {"link": "https://www.lpga.com/https://lpga.com//players/a-lim-kim/99705/overview", "pic_link": "https://lpga.com/-/media/images/lpga/players/k/kim/a-lim/kim_a_lim_hs2020_470x486.jpg?h=486&la=en&w=470&hash=25BD2A49819212744D436283429F9DA3C5ED41E3"}, "Eun-Hee\u00a0Ji": {"link": "https://www.lpga.com/https://lpga.com//players/eun-hee-ji/82847/overview", "pic_link": "https://lpga.com/-/media/images/lpga/players/j/ji/eun-hee/ji_eun-hee_bio2021_620x650.png?h=650&la=en&w=620&hash=9378FCE08A7EF03C3308A6DC24302D146433CD32"}, "Marina\u00a0Alex": {"link": "https://www.lpga.com/https://lpga.com//players/marina-alex/98011/overview", "pic_link": "https://lpga.com/-/media/images/lpga/players/a/alex/marina/alex_marina_bio19_620x650.png?h=650&la=en&w=620&hash=89DA68E8AB92DF9049232DED0F69070630007194"}, "Cheyenne\u00a0Knight": {"link": "https://www.lpga.com/https://lpga.com//players/cheyenne-knight/98828/overview", "pic_link": "https://lpga.com/-/media/images/lpga/players/k/knight/cheyenne/2020-cheyenne-knight_620x650.png?h=650&la=en&w=620&hash=4B51406B3F7547F10AA7393AD8E03C7FDFCBB0AF"}, "Hee Young\u00a0Park": {"link": "https://www.lpga.com/https://lpga.com//players/hee-young-park/82892/overview", "pic_link": "https://lpga.com/-/media/images/lpga/players/p/park/hee-young/parkheeyoung_bio18_620x659.png?h=650&la=en&w=620&hash=33FC41E87AACEB92668DB21D7269DAB4220F0113"}, "Alison\u00a0Lee": {"link": "https://www.lpga.com/https://lpga.com//players/alison-lee/98223/overview", "pic_link": "https://lpga.com/-/media/images/lpga/players/l/lee/alison/2017-alison-lee-bio-620x650.png?h=650&la=en&w=620&hash=57A808AD7B39B0AAC853C115202FB458B478E4F0"}, "Perrine\u00a0Delacour": {"link": "https://www.lpga.com/https://lpga.com//players/perrine-delacour/98313/overview", "pic_link": "https://lpga.com/-/media/images/lpga/players/d/delacour/perrine/delacour_perrine_bio2020_620x650.png?h=650&la=en&w=620&hash=D9A7B5B5FB1E1ADA8BA9E9445E0521CC5D5C4813"}, "Albane\u00a0Valenzuela": {"link": "https://www.lpga.com/https://lpga.com//players/albane-valenzuela/98636/overview", "pic_link": "https://lpga.com/-/media/images/lpga/players/v/valenzuela/albane/valenzuela_albane_hs19_470x486.jpg?h=486&la=en&w=470&hash=67C3423AC0147584B3825EB86F6785C301F1FB28"}, "Ana\u00a0Belac": {"link": "https://www.lpga.com/https://lpga.com//players/ana-belac/100248/overview", "pic_link": "https://lpga.com/-/media/images/symetra-tour/players/b/belac/ana/belac_ana_hs2019_470x486.jpg?h=486&la=en&w=470&hash=02288E30A4A3C3CFDEF9274C203B7A69D9A895D3"}, "Bronte\u00a0Law": {"link": "https://www.lpga.com/https://lpga.com//players/bronte-law/98279/overview", "pic_link": "https://lpga.com/-/media/images/lpga/players/l/law/bronte/lawbronte_bio2021_620x650.png?h=650&la=en&w=620&hash=A2587AD47D1E4479C9550DEF08A79D8BA3C739C9"}, "Jaye Marie\u00a0Green": {"link": "https://www.lpga.com/https://lpga.com//players/jaye-marie-green/98216/overview", "pic_link": "https://lpga.com/-/media/images/lpga/players/g/green/jaye-marie/green_jayemarie_bio19_620x650.png?h=650&la=en&w=620&hash=ACD47DC0624B5653B27283B8D0A7825FE66713D9"}, "Aditi\u00a0Ashok": {"link": "https://www.lpga.com/https://lpga.com//players/aditi-ashok/98652/overview", "pic_link": "https://lpga.com/-/media/images/lpga/players/a/ashok/aditi/ashok_aditi_hs17_470x486.jpg?h=486&la=en&w=470&hash=8787B7496C65E97C7C2740576EA61B9C61B1074C"}, "Brittany\u00a0Lincicome": {"link": "https://www.lpga.com/https://lpga.com//players/brittany-lincicome/80142/overview", "pic_link": "https://lpga.com/-/media/images/lpga/players/l/lincicome/brittany/lincicome_brittany_bio21_620x650.png?h=650&la=en&w=620&hash=55173630FB006BF099C83F156F4AB04FCB85C4CA"}, "Haeji\u00a0Kang": {"link": "https://www.lpga.com/https://lpga.com//players/haeji-kang/87949/overview", "pic_link": "https://lpga.com/-/media/images/lpga/players/k/kang/haeji/kang_haeji_bio_2014.png?h=650&la=en&w=620&hash=9AD32B50C61FEBBA84DA6174B614DACA632D3923"}, "Christina\u00a0Kim": {"link": "https://www.lpga.com/https://lpga.com//players/christina-kim/81112/overview", "pic_link": "https://lpga.com/-/media/images/lpga/players/k/kim/christina/kim_christina_bio2020_470x486.png?h=650&la=en&w=620&hash=69E0532C4CCD877967E374D0BF09798EBF7B0FC2"}, "Mi Jung\u00a0Hur": {"link": "https://www.lpga.com/https://lpga.com//players/mi-jung-hur/87945/overview", "pic_link": "https://lpga.com/-/media/images/lpga/players/h/hur/mi-jung/hur_mi_jung_bio2021_620x650.png?h=650&la=en&w=620&hash=62D945046F49B695D218F08BD5DC7FCD058E6CD3"}, "Stephanie\u00a0Meadow": {"link": "https://www.lpga.com/https://lpga.com//players/stephanie-meadow/88947/overview", "pic_link": "https://lpga.com/-/media/images/lpga/players/m/meadow/stephanie/meadow_stephanie_bio2020_620x650.png?h=650&la=en&w=620&hash=B2365990C3FCA90180478FDA048D4CEB7EC2697A"}, "Su\u00a0Oh": {"link": "https://www.lpga.com/https://lpga.com//players/su-oh/98192/overview", "pic_link": "https://lpga.com/-/media/images/lpga/players/o/oh/su/oh_su_bio2021_620x650.png?h=650&la=en&w=620&hash=D5A6D2C60CDA0F280B325128081D95670809F28C"}, "Annie\u00a0Park": {"link": "https://www.lpga.com/https://lpga.com//players/annie-park/98239/overview", "pic_link": "https://lpga.com/-/media/images/lpga/players/p/park/annie/parkannie_bio19.png?h=650&la=en&w=620&hash=3C0687BA8F536D655B2B76D6AEE11C51A02F9546"}, "Pornanong\u00a0Phatlum": {"link": "https://www.lpga.com/https://lpga.com//players/pornanong-phatlum/88110/overview", "pic_link": "https://lpga.com/-/media/images/lpga/players/p/phatlum/pornanong/pornanong-phatlum_620x650.png?h=650&la=en&w=620&hash=DF07EFDDCD34463FEFF119BA41184319598CFCC3"}, "Emma\u00a0Talley": {"link": "https://www.lpga.com/https://lpga.com//players/emma-talley/98096/overview", "pic_link": "https://lpga.com/-/media/images/lpga/players/t/talley/emma/talley_emma_hs2015_470x486.jpg?h=486&la=en&w=470&hash=93F0D58A9553A43EDF754285BFD704D723514FE3"}, "Jennifer\u00a0Song": {"link": "https://www.lpga.com/https://lpga.com//players/jennifer-song/88275/overview", "pic_link": "https://lpga.com/-/media/images/lpga/players/s/song/jennifer/song_jennifer_bio2021_620x650.png?h=650&la=en&w=620&hash=B2B5B93AF1F59D426BF35DA904C3FEED8C2CF4C4"}, "Azahara\u00a0Munoz": {"link": "https://www.lpga.com/https://lpga.com//players/azahara-munoz/88114/overview", "pic_link": "https://lpga.com/-/media/images/lpga/players/m/munoz/azahara/azahara-munoz-bio-620x650_2015.png?h=650&la=en&w=620&hash=496525AB2440FB647CB7C07F2138BE9B70ED6199"}, "Nicole\u00a0Broch Larsen": {"link": "https://www.lpga.com/https://lpga.com//players/nicole-broch-larsen/98444/overview", "pic_link": "https://lpga.com/-/media/images/lpga/players/b/broch-larsen/nicole/brochlarsen_nicole_hs_20016_470x486.jpg?h=486&la=en&w=470&hash=78CD48CB2BA719A06DE41BC31572829B82C56E8C"}, "Celine\u00a0Herbin": {"link": "https://www.lpga.com/https://lpga.com//players/celine-herbin/98489/overview", "pic_link": "https://lpga.com/-/media/images/lpga/players/h/herbin/celine/herbin_celine_hs_2015.jpg?h=486&la=en&w=470&hash=2C9A7E0F7389D318D6FCFB8E41552BC518279F49"}, "Mirim\u00a0Lee": {"link": "https://www.lpga.com/https://lpga.com//players/mirim-lee/98054/overview", "pic_link": "https://lpga.com/-/media/images/lpga/players/l/lee/mirim/lee_mirim_bio2020_620x650v2.png?h=650&la=en&w=620&hash=F53CFE9D2933E6077493CD9F6CEC6C076EB7FC7D"}, "Lindsey\u00a0Weaver": {"link": "https://www.lpga.com/https://lpga.com//players/lindsey-weaver/98933/overview", "pic_link": "https://lpga.com/-/media/images/lpga/players/w/weaver/lindsey/weaver_lindsey_hsasu_470x486.jpg?h=486&la=en&w=470&hash=D1FBC5563305C0D2C029BBC1F54BE0A6B5282A11"}, "Katherine\u00a0Kirk": {"link": "https://www.lpga.com/https://lpga.com//players/katherine-kirk/80850/overview", "pic_link": "https://lpga.com/-/media/images/lpga/players/k/kirk/katherine/kirk_katherine-_bio2018_620x650.png?h=650&la=en&w=620&hash=87518DAFF4357B9BFBFBB4117D57B7BA57956BC4"}, "Dana\u00a0Finkelstein": {"link": "https://www.lpga.com/https://lpga.com//players/dana-finkelstein/98748/overview", "pic_link": "https://lpga.com/-/media/images/lpga/players/f/finkelstein/dana/finkelstein_dana_hs_2015_470x486.jpg?h=486&la=en&w=470&hash=16D6F4FC044ACCC744197B6DCCF8CFD0B6F611D2"}, "Ssu-Chia\u00a0Cheng": {"link": "https://www.lpga.com/https://lpga.com//players/ssu-chia-cheng/98286/overview", "pic_link": "https://lpga.com/-/media/images/symetra-tour/players/c/cheng/ssu-chia/cheng_ssu-chia_hs2019_470x486.jpg?h=486&la=en&w=470&hash=F28BFAFC2D693874268A4CC1A68F948E4D0EE93B"}, "Cristie\u00a0Kerr": {"link": "https://www.lpga.com/https://lpga.com//players/cristie-kerr/81106/overview", "pic_link": "https://lpga.com/-/media/images/lpga/players/k/kerr/cristie/kerr-cristie-hs-276x273.png?h=273&la=en&w=276&hash=32A4461865F23ABEA29DEC3B2BC6AFABD71825E6"}, "Jeongeun\u00a0Lee": {"link": "https://www.lpga.com/https://lpga.com//players/jeong-eun-lee/93275/overview", "pic_link": "https://lpga.com/-/media/images/lpga/players/l/lee/jeong-eun/lee_jeongeun_hs_2017_470x486.jpg?h=486&la=en&w=470&hash=05F1C6D81E530430AAEAAB9626D8E414EB777DE7"}, "Brittany\u00a0Lang": {"link": "https://www.lpga.com/https://lpga.com//players/brittany-lang/82819/overview", "pic_link": "https://lpga.com/-/media/images/lpga/players/l/lang/brittany/2017-brittany-lang-bio-620x650.png?h=650&la=en&w=620&hash=1E2541BCC66EEB6883D4E2A846D7452A6AB67D93"}, "Jodi\u00a0Ewart Shadoff": {"link": "https://www.lpga.com/https://lpga.com//players/jodi-ewart-shadoff/88290/overview", "pic_link": "https://lpga.com/-/media/images/lpga/players/e/ewart-shadoff/jodi/ewart_shadoff_jodi-2016_620x650.png?h=650&la=en&w=620&hash=45ADBD1D50079F2AC5BAEEAE3588FC9027920E8C"}, "Ayako\u00a0Uehara": {"link": "https://www.lpga.com/https://lpga.com//players/ayako-uehara/93391/overview", "pic_link": "https://lpga.com/-/media/images/lpga/players/u/uehara/ayako/uehara_ayako_bio2019_620x650.png?h=650&la=en&w=620&hash=CC98F9989C5854A6B49043245D6CAAE9F89C6F32"}, "Mi Hyang\u00a0Lee": {"link": "https://www.lpga.com/https://lpga.com//players/mi-hyang-lee/98183/overview", "pic_link": "https://lpga.com/-/media/images/lpga/players/l/lee/mi-hyang/lee_mi_hyang-2016_620x650.png?h=650&la=en&w=620&hash=5B0DDEF44AE19A3AB2AAE2C08418106636CDAA2B"}, "Jing\u00a0Yan": {"link": "https://www.lpga.com/https://lpga.com//players/jing-yan/98284/overview", "pic_link": "https://lpga.com/-/media/images/lpga/players/y/yan/jing/yan_jing_bio19_620x650.png?h=650&la=en&w=620&hash=35C3A66D2AD621FB2FB711D7317F3E5A0A592144"}, "Jennifer\u00a0Chang": {"link": "https://www.lpga.com/https://lpga.com//players/jennifer-chang/99503/overview", "pic_link": "https://lpga.com/-/media/images/lpga/players/c/chang/jennifer/chang_jennifer_hs2021_470x486.jpg?h=486&la=en&w=470&hash=1E2313E630D85B68888046048C6EAD215BDE383B"}, "Kristen\u00a0Gillman": {"link": "https://www.lpga.com/https://lpga.com//players/kristen-gillman/98449/overview", "pic_link": "https://lpga.com/-/media/images/lpga/players/g/gillman/kristen/gillman_kristen_bio21_620x650.png?h=650&la=en&w=620&hash=2938B8D45F468EB8E892F98ABA5C02A2EBFB9684"}, "Muni\u00a0He": {"link": "https://www.lpga.com/https://lpga.com//players/muni-he/98620/overview", "pic_link": "https://lpga.com/-/media/images/lpga/players/h/he/muni/he_muni_hs2020_470x486.jpg?h=486&la=en&w=470&hash=AB6707EF785867EB4B7888BD6A7C81741ED784CB"}, "Marissa\u00a0Steen": {"link": "https://www.lpga.com/https://lpga.com//players/marissa-steen/88647/overview", "pic_link": "https://lpga.com/-/media/images/lpga/players/s/steen/marissa/steen_marissa_bio2019.png?h=650&la=en&w=620&hash=282C6B329FE57D2618A0CF32B80A9A4843FD2AE7"}, "Lindy\u00a0Duncan": {"link": "https://www.lpga.com/https://lpga.com//players/lindy-duncan/93411/overview", "pic_link": "https://lpga.com/-/media/images/lpga/players/d/duncan/lindy/duncan_lindy-2016_470x486.jpg?h=486&la=en&w=470&hash=820DD778FF30E056DBB40F77F37FB8CDC62AB6C4"}, "Maria\u00a0Fassi": {"link": "https://www.lpga.com/https://lpga.com//players/maria-fassi/98615/overview", "pic_link": "https://lpga.com/-/media/images/lpga/players/f/fassi/maria/fassi_maria_hs20_470x486.jpg?h=486&la=en&w=470&hash=11C6A298378AB962B008FF40B5182B3AD0DA402F"}, "Paula\u00a0Reto": {"link": "https://www.lpga.com/https://lpga.com//players/paula-reto/88128/overview", "pic_link": "https://lpga.com/-/media/images/lpga/players/r/reto/paula/paula-reto_620x650.png?h=650&la=en&w=620&hash=B2D8D4C16A4B4EB35963AE5CA32191D0F2E94A01"}, "Morgan\u00a0Pressel": {"link": "https://www.lpga.com/https://lpga.com//players/morgan-pressel/82827/overview", "pic_link": "https://lpga.com/-/media/images/lpga/players/p/pressel/morgan/presselm_bio2019_620x650.png?h=650&la=en&w=620&hash=317EEE4E2D31B15DAF871C6EF35E2235A89EDD5F"}, "Dottie\u00a0Ardina": {"link": "https://www.lpga.com/https://lpga.com//players/dottie-ardina/98389/overview", "pic_link": "https://lpga.com/-/media/images/lpga/players/a/ardina/dottie/ardina-dottie-hs-276x273.png?h=273&la=en&w=276&hash=24D5E5ACB7725EF59412E282E644DCC25E7AC966"}, "Dani\u00a0Holmqvist": {"link": "https://www.lpga.com/https://lpga.com//players/dani-holmqvist/98359/overview", "pic_link": "https://lpga.com/-/media/images/lpga/players/h/holmqvist/dani/holmqvist_dani_bio2021_620x650.png?h=650&la=en&w=620&hash=07B4F10A2707A2651245CC98F9DEFB5C4A6A46A2"}, "Pernilla\u00a0Lindberg": {"link": "https://www.lpga.com/https://lpga.com//players/pernilla-lindberg/88213/overview", "pic_link": "https://lpga.com/-/media/images/lpga/players/l/lindberg/pernilla/lindberg_pernilla_bio2017_620x650.png?h=650&la=en&w=620&hash=B6FFF7737E5D1CF6A898185B9FBC6C7329CBCF8E"}, "Esther\u00a0Lee": {"link": "https://www.lpga.com/https://lpga.com//players/esther-lee/99294/overview", "pic_link": "https://lpga.com/-/media/images/symetra-tour/players/l/lee/esther/lee_esther_hs18_470x486.jpg?h=486&la=en&w=470&hash=17E5EE2BE639A5404E683A1BFC28B324B7E48A0E"}, "Alena\u00a0Sharp": {"link": "https://www.lpga.com/https://lpga.com//players/alena-sharp/80144/overview", "pic_link": "https://lpga.com/-/media/images/lpga/players/s/sharp/alena/sharp-alena-hs-10.jpg?h=486&la=en&w=470&hash=686A582DFB6A41BE4C05E4C138A35C829E2D3EDE"}, "Tiffany\u00a0Chan": {"link": "https://www.lpga.com/https://lpga.com//players/tiffany-chan/98891/overview", "pic_link": "https://lpga.com/-/media/images/lpga/players/c/chan/tiffany/chan_tiffany_hs2020_470x486.jpg?h=486&la=en&w=470&hash=7CBB0B505E55CE7D2C64C33860C62267172D5735"}, "Luna\u00a0Sobron Galmes": {"link": "https://www.lpga.com/https://lpga.com//players/luna-sobron-galmes/98619/overview", "pic_link": "https://lpga.com/-/media/images/lpga/players/s/sobron-galmes/luna/sobron_luna_hs18_470x486.jpg?h=486&la=en&w=470&hash=BE0C640EDEF7DC5B9DD7DA5F8A5CD5AAE164ED7E"}, "Anne\u00a0van Dam": {"link": "https://www.lpga.com/https://lpga.com//players/anne-van-dam/98811/overview", "pic_link": "https://lpga.com/-/media/images/lpga/players/v/van-dam/anne/vandam_anne_bio2021_620x650.png?h=650&la=en&w=620&hash=AA1F5AED970241779724B674D6690FBFF0D35224"}, "Na Yeon\u00a0Choi": {"link": "https://www.lpga.com/https://lpga.com//players/na-yeon-choi/82878/overview", "pic_link": "https://lpga.com/-/media/images/lpga/players/c/choi/na-yeon/choi_na_yeon_bio20_620x650.png?h=650&la=en&w=620&hash=B72273C6499A967874CED889FD6CB50D6126AE01"}, "Andrea\u00a0Lee": {"link": "https://www.lpga.com/https://lpga.com//players/andrea-lee/98222/overview", "pic_link": "https://lpga.com/-/media/images/lpga/players/l/lee/andrea/lee_andrea_hs2020_470x486.jpg?h=486&la=en&w=470&hash=6DBAC8D2B628E0BF792FDA34ACF9135A82239D50"}, "Bianca\u00a0Pagdanganan": {"link": "https://www.lpga.com/https://lpga.com//players/bianca-pagdanganan/99505/overview", "pic_link": "https://lpga.com/-/media/images/lpga/players/p/pagdanganan/bianca/pagdanganan_bianca_hs19_470x486.jpg?h=486&la=en&w=470&hash=064E701C618C13105C01AC22F41EBBAA06AE55A0"}, "Lauren\u00a0Coughlin": {"link": "https://www.lpga.com/https://lpga.com//players/lauren-coughlin/88815/overview", "pic_link": "https://lpga.com/-/media/images/lpga/players/c/coughlin/lauren/coughlin_lauren_hs19_470x486.jpg?h=486&la=en&w=470&hash=38EA858A17FBDBA7154FBA9DBD8418575002B152"}, "Sarah\u00a0Burnham": {"link": "https://www.lpga.com/https://lpga.com//players/sarah-burnham/98612/overview", "pic_link": "https://lpga.com/-/media/images/lpga/players/b/burnham/sarah/burnham_sarah_hs2018_470x486.jpg?h=486&la=en&w=470&hash=80CAA37E9C891CE38B62D05383C1D47A63F1691B"}, "In-Kyung\u00a0Kim": {"link": "https://www.lpga.com/https://lpga.com//players/ik-kim/82850/overview", "pic_link": "https://lpga.com/-/media/images/lpga/players/k/kim/ik/kim_in-kyung_bio2021_620x650.png?h=650&la=en&w=620&hash=404DF8229F79B7A8EB2273B1924CDCF7CB20DE0B"}, "Klara\u00a0Spilkova": {"link": "https://www.lpga.com/https://lpga.com//players/klara-spilkova/98356/overview", "pic_link": "https://lpga.com/-/media/images/lpga/players/s/spilkova/klara/spilkova_klara_hs2019_v2_470486.jpg?h=486&la=en&w=470&hash=25D4D3CB4B490847233E6CCA787D715C0BB620AA"}, "Sung Hyun\u00a0Park": {"link": "https://www.lpga.com/https://lpga.com//players/sung-hyun-park/98648/overview", "pic_link": "https://lpga.com/-/media/images/lpga/players/p/park/sung-hyun/park_sung_hyun_2019bio_620x650.png?h=650&la=en&w=620&hash=A8E1505AD4741653B5F731BDB516C92B854C2DE8"}, "Linnea\u00a0Strom": {"link": "https://www.lpga.com/https://lpga.com//players/linnea-strom/98640/overview", "pic_link": "https://lpga.com/-/media/images/lpga/players/s/strom/linnea/strom_linnea_hs16_470x486.jpg?h=486&la=en&w=470&hash=8D5853A7B9A3B2E6CAB7785590BB8049C18B9ED5"}, "Jackie\u00a0Stoelting": {"link": "https://www.lpga.com/https://lpga.com//players/jackie-stoelting/88036/overview", "pic_link": "https://lpga.com/-/media/images/lpga/players/s/stoelting/jackie/stoelting-jackie-hs-276x273.png?h=273&la=en&w=276&hash=FBF155460581ED7D0447171B0F4740C0B31A8DE2"}, "Jane\u00a0Park": {"link": "https://www.lpga.com/https://lpga.com//players/jane-park/82867/overview", "pic_link": "https://lpga.com/-/media/images/lpga/players/p/park/jane/jane-park_bio_620x650_2015.png?h=650&la=en&w=620&hash=BCFE846E47A8832822518BBE3F988002F268EAA5"}, "Ruixin\u00a0Liu": {"link": "https://www.lpga.com/https://lpga.com//players/ruixin-liu/88817/overview", "pic_link": "https://lpga.com/-/media/images/lpga/players/l/liu/ruixin/liu_ruixin_hs16_470x486.jpg?h=486&la=en&w=470&hash=C1A10F7D6D4BFB6031AB002817F077EBAB5F899F"}, "Kelly\u00a0Tan": {"link": "https://www.lpga.com/https://lpga.com//players/kelly-tan/53829/overview", "pic_link": "https://lpga.com/-/media/images/lpga/players/t/tan/kelly/tan_kelly_bio2021_620x650.png?h=650&la=en&w=620&hash=08EB611821F0E767090565B52E0DF637D228D3AE"}, "Kristy\u00a0McPherson": {"link": "https://www.lpga.com/https://lpga.com//players/kristy-mcpherson/82859/overview", "pic_link": "https://lpga.com/-/media/images/lpga/players/m/mcpherson/kristy/mcpherson-kristy-hs-12.jpg?h=486&la=en&w=470&hash=AF981729695C16796695091A28088C42406B2877"}, "Lauren\u00a0Kim": {"link": "https://www.lpga.com/https://lpga.com//players/lauren-kim/98617/overview", "pic_link": "https://lpga.com/-/media/images/lpga/players/k/kim/lauren/kim_lauren_hs2021_470x486.jpg?h=486&la=en&w=470&hash=3E47AA5E88A5197C00A789EBD628E81D53CD84C0"}, "Brianna\u00a0Do": {"link": "https://www.lpga.com/https://lpga.com//players/brianna-do/93328/overview", "pic_link": "https://lpga.com/-/media/images/lpga/players/d/do/brianna/do_brianna_hs19_470x486.jpg?h=486&la=en&w=470&hash=4703926B00B6D27D42A2F3109D68050897E44669"}, "Peiyun\u00a0Chien": {"link": "https://www.lpga.com/https://lpga.com//players/peiyun-chien/98158/overview", "pic_link": "https://lpga.com/-/media/images/lpga/players/c/chien/peiyun/chien_peiyun_bio2020_620x650.png?h=650&la=en&w=620&hash=FDEC9B143D849B8599734DB5DC0A0F400D7B55ED"}, "Mariah\u00a0Stackhouse": {"link": "https://www.lpga.com/https://lpga.com//players/mariah-stackhouse/98095/overview", "pic_link": "https://lpga.com/-/media/images/lpga/players/s/stackhouse/mariah/stackhouse_mariah_hs_2017_470x486.jpg?h=486&la=en&w=470&hash=5940DF463B6F39A6634034033FBF0A415D3ABAF3"}, "Jillian\u00a0Hollis": {"link": "https://www.lpga.com/https://lpga.com//players/jillian-hollis/98450/overview", "pic_link": "https://lpga.com/-/media/images/symetra-tour/players/h/hollis/jillian/hollis_jillian_hs18_470x486.jpg?h=486&la=en&w=470&hash=93F5C6AB1FDF18E0B02F1E2229608EC4633C6381"}, "Alana\u00a0Uriell": {"link": "https://www.lpga.com/https://lpga.com//players/alana-uriell/98867/overview", "pic_link": "https://lpga.com/-/media/images/lpga/players/u/uriell/alana/uriell_alana_hs19_470x486.jpg?h=486&la=en&w=470&hash=C90E01D683E7F68EDC44C9E915D27E154F242D05"}, "Yui\u00a0Kawamoto": {"link": "https://www.lpga.com/https://lpga.com//players/yui-kawamoto/100309/overview", "pic_link": ""}, "Janie\u00a0Jackson": {"link": "https://www.lpga.com/https://lpga.com//players/janie-jackson/98159/overview", "pic_link": "https://lpga.com/-/media/images/symetra-tour/players/j/jackson/janie/jackson_janie_hs2019_470x486.jpg?h=486&la=en&w=470&hash=86F4BBFC1794B1A611F72E82221E06AC3D32363A"}, "Kendall\u00a0Dye": {"link": "https://www.lpga.com/https://lpga.com//players/kendall-dye/88150/overview", "pic_link": "https://lpga.com/-/media/images/lpga/players/d/dye/kendall/dye_kendall_hs_2015.jpg?h=486&la=en&w=470&hash=C78CED2E0EC404DBEF30AEBC635469C19A15F686"}, "Jiwon\u00a0Jeon": {"link": "https://www.lpga.com/https://lpga.com//players/jiwon-jeon/100040/overview", "pic_link": "https://lpga.com/-/media/images/lpga/players/j/jeon/jiwon/jeon_jiwon_hs2021_470x486.jpg?h=486&la=en&w=470&hash=E51D381A626229B29B984D326509B40F12DFE2BE"}, "Min Seo\u00a0Kwak": {"link": "https://www.lpga.com/https://lpga.com//players/min-seo-kwak/88231/overview", "pic_link": "https://lpga.com/-/media/images/lpga/players/k/kwak/min-seo/kwak_min_seo-2015_470x486.jpg?h=486&la=en&w=470&hash=2600715CE317CDECE107F850476343EB358DDB59"}, "Nuria\u00a0Iturrioz": {"link": "https://www.lpga.com/https://lpga.com//players/nuria-iturrioz/98779/overview", "pic_link": "https://lpga.com/-/media/images/lpga/players/i/iturrioz/nuria/iturrioz_nuria_hs19_470x486.jpg?h=486&la=en&w=470&hash=9052EC1F8F3F0CAC7154B7B1B1EC587F83FF8B18"}, "Mo\u00a0Martin": {"link": "https://www.lpga.com/https://lpga.com//players/mo-martin/87662/overview", "pic_link": "https://lpga.com/-/media/images/lpga/players/m/martin/mo/mo_martin_620x650.png?h=650&la=en&w=620&hash=6D3E6D50A3492FEBF9A3BEDA2ED45C1483F8494C"}, "Pannarat\u00a0Thanapolboonyaras": {"link": "https://www.lpga.com/https://lpga.com//players/pannarat-thanapolboonyaras/98781/overview", "pic_link": "https://lpga.com/-/media/images/lpga/players/t/thanapolboonyaras/pannarat/thanapolboonyaras_pannarat_bio2020_620x650.png?h=650&la=en&w=620&hash=445A8F078BBEC089357FF6E0E14E6EB79D7E9F44"}, "Caroline\u00a0Inglis": {"link": "https://www.lpga.com/https://lpga.com//players/caroline-inglis/98868/overview", "pic_link": "https://lpga.com/-/media/images/lpga/players/i/inglis/caroline/inglis_caroline_hs_2016_470x486.jpg?h=486&la=en&w=470&hash=192BF844F21B26234EC34A6B866EC819ACDBC456"}, "Haley\u00a0Moore": {"link": "https://www.lpga.com/https://lpga.com//players/haley-moore/98596/overview", "pic_link": "https://lpga.com/-/media/images/lpga/players/m/moore/haley/moore_haley_hs19_470x486.jpg?h=486&la=en&w=470&hash=B5EB2AA966E8C0D19FFE4BD50F7E41086AD84F4F"}, "Michelle\u00a0Wie West": {"link": "https://www.lpga.com/https://lpga.com//players/michelle-wie/88106/overview", "pic_link": "https://lpga.com/-/media/images/lpga/players/w/wie/michelle/wie_michelle_2015_620x650.png?h=650&la=en&w=620&hash=C53628C3E82BC4B23F16611CF4AD4E1BF5FC36A5"}, "Pavarisa\u00a0Yoktuan": {"link": "https://www.lpga.com/https://lpga.com//players/pavarisa-yoktuan/98073/overview", "pic_link": "https://lpga.com/-/media/images/lpga/players/y/yoktuan/pavarisa/15_12_yoktuanpavarisa_500339634_470x486.jpg?h=486&la=en&w=470&hash=AE43F61086FB6C6FA82DC36D4EE8E6BE299FF210"}, "Cindy\u00a0LaCrosse": {"link": "https://www.lpga.com/https://lpga.com//players/cindy-lacrosse/88158/overview", "pic_link": "https://lpga.com/-/media/images/lpga/players/l/lacrosse/cindy/cindy-lacrosse_620x650.png?h=650&la=en&w=620&hash=9AD8265F11C9D923DDC3B338B4006C6E96810B1B"}, "Fatima\u00a0Fernandez Cano": {"link": "https://www.lpga.com/https://lpga.com//players/fatima-fernandez-cano/99205/overview", "pic_link": "https://lpga.com/-/media/images/symetra-tour/players/f/fernandez-cano/fatima/fernandezcano_fatima_hs18_470x486.jpg?h=486&la=en&w=470&hash=125586BAE0325134D4FB16D24207150C21F4BD4B"}, "Sarah Jane\u00a0Smith": {"link": "https://www.lpga.com/https://lpga.com//players/sarah-jane-smith/82817/overview", "pic_link": "https://lpga.com/-/media/images/lpga/players/s/smith/sarah-jane/smith-sarah-jane-hs-276x273.png?h=273&la=en&w=276&hash=942AA7D1149290F318B528E3920504D359993CCE"}, "Lee\u00a0Lopez": {"link": "https://www.lpga.com/https://lpga.com//players/lee-lopez/98269/overview", "pic_link": "https://lpga.com/-/media/images/lpga/players/l/lopez/lee/13_10_lopezl_q-school_3016_470x486.jpg?h=486&la=en&w=470&hash=3F6E59E369F66CEF51D83B0A94B9E428403B215E"}, "Clariss\u00a0Guce": {"link": "https://www.lpga.com/https://lpga.com//players/clariss-guce/98743/overview", "pic_link": "https://lpga.com/-/media/images/lpga/players/g/guce/clariss/guce_clariss_hs16_470x486.jpg?h=486&la=en&w=470&hash=4BE5E75E39405A5D072EE13B264300AE0E336E65"}, "Maria\u00a0Torres": {"link": "https://www.lpga.com/https://lpga.com//players/maria-torres/99174/overview", "pic_link": "https://lpga.com/-/media/images/lpga/players/t/torres/maria/torres_maria_hs2017_470x486.jpg?h=486&la=en&w=470&hash=F93F2F1E03408690877921CB20D5696570116500"}, "Elizabeth\u00a0Nagel": {"link": "https://www.lpga.com/https://lpga.com//players/elizabeth-nagel/98475/overview", "pic_link": "https://lpga.com/-/media/images/lpga/players/n/nagel/elizabeth/nagel_elizabeth_hs19_470x486.jpg?h=486&la=en&w=470&hash=A708E0DFE47A0D7E3453FD30CF36EA1B7AC44CDA"}, "Gemma\u00a0Dryburgh": {"link": "https://www.lpga.com/https://lpga.com//players/gemma-dryburgh/98776/overview", "pic_link": "https://lpga.com/-/media/images/lpga/players/d/dryburgh/gemma/dryburgh_gemma_hs18_470x486.jpg?h=486&la=en&w=470&hash=C09739414EB8661825AA8D354B8E9B4A72EADF7B"}, "Kyung\u00a0Kim": {"link": "https://www.lpga.com/https://lpga.com//players/kyung-kim/98089/overview", "pic_link": "https://lpga.com/-/media/images/symetra-tour/players/k/kim/kyung/kim_kyung_hs2017_470x486.jpg?h=486&la=en&w=470&hash=1A289334D73E60DF5BCF8530C96AEBEEB9F11F2F"}, "Tiffany\u00a0Joh": {"link": "https://www.lpga.com/https://lpga.com//players/tiffany-joh/88271/overview", "pic_link": "https://lpga.com/-/media/images/lpga/players/j/joh/tiffany/joh_tiffany_bio_2014.png?h=650&la=en&w=620&hash=E2F650F9BF0AE5351F63606CEDDE5E48ABB70BEF"}, "Louise\u00a0Ridderstrom": {"link": "https://www.lpga.com/https://lpga.com//players/louise-ridderstrom/98952/overview", "pic_link": "https://lpga.com/-/media/images/lpga/players/r/ridderstrom/louise/ridderstrom_louise_hs18_470x486.jpg?h=486&la=en&w=470&hash=F7435E8E1F77FA98BEB5F69EFE116A38025C2212"}, "Linnea\u00a0Johansson": {"link": "https://www.lpga.com/https://lpga.com//players/linnea-johansson/98990/overview", "pic_link": "https://lpga.com/-/media/images/lpga/players/j/johansson/linnea/johansson_linnea_hs19_470x486.jpg?h=486&la=en&w=470&hash=D86E1BE56CC3DC6280705BF84391B627AE6DC740"}, "Katherine\u00a0Perry-Hamski": {"link": "https://www.lpga.com/https://lpga.com//players/katherine-perry/98015/overview", "pic_link": "https://lpga.com/-/media/images/lpga/players/p/perry/katherine/perry_katherine_bio20_478x0486.jpg?h=486&la=en&w=470&hash=B82DC35B90FB31FFEBDAAD4FF3CF27ED40751A0F"}, "Mind\u00a0Muangkhumsakul": {"link": "https://www.lpga.com/https://lpga.com//players/mind-muangkhumsakul/98453/overview", "pic_link": "https://lpga.com/-/media/images/lpga/players/m/muangkhumsakul/mind/mind_muangkhumsakul_hs2021_470x486.jpg?h=486&la=en&w=470&hash=8F373DC568A006C164F28DF649FD0688DD4BFC4D"}, "Vicky\u00a0Hurst": {"link": "https://www.lpga.com/https://lpga.com//players/vicky-hurst/87998/overview", "pic_link": "https://lpga.com/-/media/images/lpga/players/h/hurst/vicky/vicky-hurst_620x650.png?h=650&la=en&w=620&hash=ED742B09EB2257D97708BF167ED20F139D384834"}, "Daniela\u00a0Darquea": {"link": "https://www.lpga.com/https://lpga.com//players/daniela-darquea/98608/overview", "pic_link": "https://lpga.com/-/media/images/lpga/players/d/darquea/daniela/darquea_daniela_bio2020_620x650.png?h=650&la=en&w=620&hash=A2EDC25C280A55C61FDDDDC06955067256C11542"}, "Maia\u00a0Schechter": {"link": "https://www.lpga.com/https://lpga.com//players/maia-schechter/98697/overview", "pic_link": "https://lpga.com/-/media/images/lpga/players/s/schechter/maia/schechter_maia_hs18_470x486.jpg?h=486&la=en&w=470&hash=5BDC0277BC65A3D6FA5F2AB21ED5E0CD3C92E022"}, "Kris\u00a0Tamulis": {"link": "https://www.lpga.com/https://lpga.com//players/kris-tamulis/80149/overview", "pic_link": "https://lpga.com/-/media/images/lpga/players/t/tamulis/kris/kris-tamulis_bio_620x650_2015.png?h=650&la=en&w=620&hash=ECD9A1ED7B9A200613036ADDA047EEBF41A0AFD7"}, "Lee-Anne\u00a0Pace": {"link": "https://www.lpga.com/https://lpga.com//players/lee-anne-pace/82863/overview", "pic_link": "https://lpga.com/-/media/images/lpga/players/p/pace/lee-anne/2016-lee-anne-pace-bio-620x650.png?h=650&la=en&w=620&hash=C5E05587E4777DDABCB0BE0AC4396180067C6C73"}, "Jaclyn\u00a0Lee": {"link": "https://www.lpga.com/https://lpga.com//players/jaclyn-lee/99032/overview", "pic_link": "https://lpga.com/-/media/images/lpga/players/l/lee/jaclyn/lee_jaclyn_hs18_470x486.jpg?h=486&la=en&w=470&hash=75356DDD39044DEA2953CA15D1504C823B23690B"}, "Jacqui\u00a0Concolino": {"link": "https://www.lpga.com/https://lpga.com//players/jacqui-concolino/88348/overview", "pic_link": "https://lpga.com/-/media/images/lpga/players/c/concolino/jacqui/concolino-jacqui-hs-276x273.png?h=273&la=en&w=276&hash=93F86E339B3550EE9A673B14C6BA6E6B82BCDB7F"}, "Haru\u00a0Nomura": {"link": "https://www.lpga.com/https://lpga.com//players/haru-nomura/98070/overview", "pic_link": "https://lpga.com/-/media/images/lpga/players/n/nomura/haru/nomura_haru_bio2020_620x650.png?h=650&la=en&w=620&hash=B4418FB5BC7F089D97C10F6D83B88B7C3190597D"}, "Juli\u00a0Inkster": {"link": "https://www.lpga.com/https://lpga.com//players/juli-inkster/80903/overview", "pic_link": "https://lpga.com/-/media/images/lpga/players/i/inkster/juli/inkster_j_468426608_620x650.png?h=650&la=en&w=620&hash=1EA405AF50FA029CB4E431E1089C5575C9FA7ACD"}, "Laura\u00a0Davies": {"link": "https://www.lpga.com/https://lpga.com//players/laura-davies/82630/overview", "pic_link": "https://lpga.com/-/media/images/lpga/players/d/davies/laura/davies-laura-hs-276x273.png?h=273&la=en&w=276&hash=51AEC6828A10C68CDCE8B3C2F1FF254CA5F95A00"}, "Paula\u00a0Creamer": {"link": "https://www.lpga.com/https://lpga.com//players/paula-creamer/80130/overview", "pic_link": "https://lpga.com/-/media/images/lpga/players/c/creamer/paula/2016_creamerp_bio.png?h=650&la=en&w=620&hash=84D7A33BF6930C8A7FE819126246E1BA52F62220"}, "Annika\u00a0Sorenstam": {"link": "https://www.lpga.com/https://lpga.com//players/annika-sorenstam/81956/overview", "pic_link": "https://lpga.com/-/media/images/lpga/players/s/sorenstam/annika/sorenstam_annika_bio2021_620x650.png?h=650&la=en&w=620&hash=A5381CB4B9AE6B62A2AA24F74D5C4152C221FEC5"}, "Katelyn\u00a0Dambaugh": {"link": "https://www.lpga.com/https://lpga.com//players/katelyn-dambaugh/98999/overview", "pic_link": "https://lpga.com/-/media/images/lpga/players/d/dambaugh/katelyn/dambaugh_katelyn_hs18_470x486.jpg?h=486&la=en&w=470&hash=C27E9A2B241C56E6A860B15944157A6841B2940B"}, "Yujeong\u00a0Son": {"link": "https://www.lpga.com/https://lpga.com//players/yujeong-son/99161/overview", "pic_link": "https://lpga.com/-/media/images/lpga/players/s/son/yujeong/yujeong_son_bio2020_620x650.png?h=650&la=en&w=620&hash=D76CF8B60FBE997743B1BB747CA839C2DDACE5C6"}, "Anne-Catherine\u00a0Tanguay": {"link": "https://www.lpga.com/https://lpga.com//players/anne-catherine-tanguay/98364/overview", "pic_link": "https://lpga.com/-/media/images/lpga/players/t/tanguay/anne-catherine/tanguay_anne-catherine_hs18_470x486.jpg?h=486&la=en&w=470&hash=181EE5A0B270C2859B08BCA916BA2622000794A1"}, "Isi\u00a0Gabsa": {"link": "https://www.lpga.com/https://lpga.com//players/isi-gabsa/98796/overview", "pic_link": "https://lpga.com/-/media/images/lpga/players/g/gabsa/isi/gabsa_isi_hs15_470x486.jpg?h=486&la=en&w=470&hash=C8E88A399A13BAD077F871FEDC7585E2E62D2179"}, "Mariajo\u00a0Uribe": {"link": "https://www.lpga.com/https://lpga.com//players/mariajo-uribe/88276/overview", "pic_link": "https://lpga.com/-/media/images/lpga/players/u/uribe/mariajo/mariajo-uribe_620x650.png?h=650&la=en&w=620&hash=8A9DAE03FE6C439738A8B680BAE8AB233421C9DE"}}