{"info": {"round": 2, "playoff": false, "cut_line": "Projected Cut -1", "cut_num": 80}, "Viktor Hovland": {"pga_num": "4364873", "rank": "1", "change": "<span class=\"MovementArrow dib mv up\"><svg class=\"icon__svg\" viewbox=\"0 0 24 24\"><use xlink:href=\"#icon__arrow__up\"></use></svg>47</span>", "round_score": "-7", "total_score": "-9", "thru": "F", "r1": "70", "r2": "65", "r3": "--", "r4": "--", "tot_strokes": "135", "handicap": 0, "group": 1}, "Jon Rahm": {"pga_num": "9780", "rank": "T2", "change": "<span class=\"MovementArrow dib mv up\"><svg class=\"icon__svg\" viewbox=\"0 0 24 24\"><use xlink:href=\"#icon__arrow__up\"></use></svg>30</span>", "round_score": "-5", "total_score": "-8", "thru": "F", "r1": "69", "r2": "67", "r3": "--", "r4": "--", "tot_strokes": "136", "handicap": 0, "group": 1}, "Adam Scott": {"pga_num": "388", "rank": "T2", "change": "<span class=\"MovementArrow dib mv up\"><svg class=\"icon__svg\" viewbox=\"0 0 24 24\"><use xlink:href=\"#icon__arrow__up\"></use></svg>14</span>", "round_score": "-3", "total_score": "-8", "thru": "F", "r1": "67", "r2": "69", "r3": "--", "r4": "--", "tot_strokes": "136", "handicap": 0, "group": 2}, "Tony Finau": {"pga_num": "2230", "rank": "T2", "change": "<span class=\"MovementArrow dib mv up\"><svg class=\"icon__svg\" viewbox=\"0 0 24 24\"><use xlink:href=\"#icon__arrow__up\"></use></svg>30</span>", "round_score": "-5", "total_score": "-8", "thru": "F", "r1": "69", "r2": "67", "r3": "--", "r4": "--", "tot_strokes": "136", "handicap": 0, "group": 1}, "Ryan Palmer": {"pga_num": "962", "rank": "T2", "change": "<span class=\"MovementArrow dib mv up\"><svg class=\"icon__svg\" viewbox=\"0 0 24 24\"><use xlink:href=\"#icon__arrow__up\"></use></svg>2</span>", "round_score": "-2", "total_score": "-8", "thru": "F", "r1": "66", "r2": "70", "r3": "--", "r4": "--", "tot_strokes": "136", "handicap": 0, "group": 2}, "Lanto Griffin": {"pga_num": "5962", "rank": "T2", "change": "<span class=\"MovementArrow dib mv up\"><svg class=\"icon__svg\" viewbox=\"0 0 24 24\"><use xlink:href=\"#icon__arrow__up\"></use></svg>2</span>", "round_score": "-2", "total_score": "-8", "thru": "F", "r1": "66", "r2": "70", "r3": "--", "r4": "--", "tot_strokes": "136", "handicap": 1, "group": 3}, "Patrick Reed": {"pga_num": "5579", "rank": "T2", "change": "<span class=\"MovementArrow dib mv down\"><svg class=\"icon__svg\" viewbox=\"0 0 24 24\"><use xlink:href=\"#icon__arrow__down\"></use></svg>1</span>", "round_score": "E", "total_score": "-8", "thru": "F", "r1": "64", "r2": "72", "r3": "--", "r4": "--", "tot_strokes": "136", "handicap": 0, "group": 1}, "Will Gordon": {"pga_num": "4565482", "rank": "T8", "change": "<span class=\"MovementArrow dib mv up\"><svg class=\"icon__svg\" viewbox=\"0 0 24 24\"><use xlink:href=\"#icon__arrow__up\"></use></svg>8</span>", "round_score": "-2", "total_score": "-7", "thru": "F", "r1": "67", "r2": "70", "r3": "--", "r4": "--", "tot_strokes": "137", "handicap": 2, "group": 6}, "Robby Shelton": {"pga_num": "9531", "rank": "T8", "change": "<span class=\"MovementArrow dib mv up\"><svg class=\"icon__svg\" viewbox=\"0 0 24 24\"><use xlink:href=\"#icon__arrow__up\"></use></svg>99</span>", "round_score": "-8", "total_score": "-7", "thru": "F", "r1": "73", "r2": "64", "r3": "--", "r4": "--", "tot_strokes": "137", "handicap": 2, "group": 6}, "Peter Malnati": {"pga_num": "5692", "rank": "T8", "change": "<span class=\"MovementArrow dib mv down\"><svg class=\"icon__svg\" viewbox=\"0 0 24 24\"><use xlink:href=\"#icon__arrow__down\"></use></svg>4</span>", "round_score": "-1", "total_score": "-7", "thru": "F", "r1": "66", "r2": "71", "r3": "--", "r4": "--", "tot_strokes": "137", "handicap": 2, "group": 6}, "Alexander Noren": {"pga_num": "3832", "rank": "T11", "change": "<span class=\"MovementArrow dib mv down\"><svg class=\"icon__svg\" viewbox=\"0 0 24 24\"><use xlink:href=\"#icon__arrow__down\"></use></svg>10</span>", "round_score": "+2", "total_score": "-6", "thru": "F", "r1": "64", "r2": "74", "r3": "--", "r4": "--", "tot_strokes": "138", "handicap": 1, "group": 5}, "Sam Burns": {"pga_num": "9938", "rank": "T11", "change": "<span class=\"MovementArrow dib mv down\"><svg class=\"icon__svg\" viewbox=\"0 0 24 24\"><use xlink:href=\"#icon__arrow__down\"></use></svg>7</span>", "round_score": "E", "total_score": "-6", "thru": "F", "r1": "66", "r2": "72", "r3": "--", "r4": "--", "tot_strokes": "138", "handicap": 2, "group": 6}, "Richy Werenski": {"pga_num": "9804", "rank": "T11", "change": "<span class=\"MovementArrow dib mv up\"><svg class=\"icon__svg\" viewbox=\"0 0 24 24\"><use xlink:href=\"#icon__arrow__up\"></use></svg>21</span>", "round_score": "-3", "total_score": "-6", "thru": "F", "r1": "69", "r2": "69", "r3": "--", "r4": "--", "tot_strokes": "138", "handicap": 1, "group": 6}, "Will Zalatoris": {"pga_num": "9877", "rank": "T14", "change": "<span class=\"MovementArrow dib mv up\"><svg class=\"icon__svg\" viewbox=\"0 0 24 24\"><use xlink:href=\"#icon__arrow__up\"></use></svg>7</span>", "round_score": "-1", "total_score": "-5", "thru": "F", "r1": "68", "r2": "71", "r3": "--", "r4": "--", "tot_strokes": "139", "handicap": 1, "group": 4}, "Jason Kokrak": {"pga_num": "3317", "rank": "T14", "change": "<span class=\"MovementArrow dib mv up\"><svg class=\"icon__svg\" viewbox=\"0 0 24 24\"><use xlink:href=\"#icon__arrow__up\"></use></svg>34</span>", "round_score": "-3", "total_score": "-5", "thru": "F", "r1": "70", "r2": "69", "r3": "--", "r4": "--", "tot_strokes": "139", "handicap": 0, "group": 2}, "Rory McIlroy": {"pga_num": "3470", "rank": "T14", "change": "<span class=\"MovementArrow dib mv up\"><svg class=\"icon__svg\" viewbox=\"0 0 24 24\"><use xlink:href=\"#icon__arrow__up\"></use></svg>7</span>", "round_score": "-1", "total_score": "-5", "thru": "F", "r1": "68", "r2": "71", "r3": "--", "r4": "--", "tot_strokes": "139", "handicap": 0, "group": 1}, "Adam Hadwin": {"pga_num": "5548", "rank": "T14", "change": "<span class=\"MovementArrow dib mv up\"><svg class=\"icon__svg\" viewbox=\"0 0 24 24\"><use xlink:href=\"#icon__arrow__up\"></use></svg>18</span>", "round_score": "-2", "total_score": "-5", "thru": "F", "r1": "69", "r2": "70", "r3": "--", "r4": "--", "tot_strokes": "139", "handicap": 1, "group": 4}, "Rory Sabbatini": {"pga_num": "377", "rank": "T14", "change": "<span class=\"MovementArrow dib mv up\"><svg class=\"icon__svg\" viewbox=\"0 0 24 24\"><use xlink:href=\"#icon__arrow__up\"></use></svg>74</span>", "round_score": "-5", "total_score": "-5", "thru": "F", "r1": "72", "r2": "67", "r3": "--", "r4": "--", "tot_strokes": "139", "handicap": 1, "group": 6}, "Brandt Snedeker": {"pga_num": "1222", "rank": "T14", "change": "<span class=\"MovementArrow dib mv up\"><svg class=\"icon__svg\" viewbox=\"0 0 24 24\"><use xlink:href=\"#icon__arrow__up\"></use></svg>18</span>", "round_score": "-2", "total_score": "-5", "thru": "F", "r1": "69", "r2": "70", "r3": "--", "r4": "--", "tot_strokes": "139", "handicap": 1, "group": 5}, "Max Homa": {"pga_num": "8973", "rank": "T14", "change": "<span class=\"MovementArrow dib mv up\"><svg class=\"icon__svg\" viewbox=\"0 0 24 24\"><use xlink:href=\"#icon__arrow__up\"></use></svg>55</span>", "round_score": "-4", "total_score": "-5", "thru": "F", "r1": "71", "r2": "68", "r3": "--", "r4": "--", "tot_strokes": "139", "handicap": 1, "group": 5}, "Sam Ryder": {"pga_num": "7001", "rank": "T21", "change": "<span class=\"MovementArrow dib mv up\"><svg class=\"icon__svg\" viewbox=\"0 0 24 24\"><use xlink:href=\"#icon__arrow__up\"></use></svg>48</span>", "round_score": "-3", "total_score": "-4", "thru": "F", "r1": "71", "r2": "69", "r3": "--", "r4": "--", "tot_strokes": "140", "handicap": 3, "group": 6}, "Harry Higgs": {"pga_num": "4844", "rank": "T21", "change": "<span class=\"MovementArrow dib mv up\"><svg class=\"icon__svg\" viewbox=\"0 0 24 24\"><use xlink:href=\"#icon__arrow__up\"></use></svg>48</span>", "round_score": "-3", "total_score": "-4", "thru": "F", "r1": "71", "r2": "69", "r3": "--", "r4": "--", "tot_strokes": "140", "handicap": 1, "group": 6}, "Carlos Ortiz": {"pga_num": "5532", "rank": "T21", "change": "<span class=\"MovementArrow dib mv up\"><svg class=\"icon__svg\" viewbox=\"0 0 24 24\"><use xlink:href=\"#icon__arrow__up\"></use></svg>67</span>", "round_score": "-4", "total_score": "-4", "thru": "F", "r1": "72", "r2": "68", "r3": "--", "r4": "--", "tot_strokes": "140", "handicap": 1, "group": 3}, "Wyndham Clark": {"pga_num": "11119", "rank": "T21", "change": "<span class=\"MovementArrow dib mv down\"><svg class=\"icon__svg\" viewbox=\"0 0 24 24\"><use xlink:href=\"#icon__arrow__down\"></use></svg>5</span>", "round_score": "+1", "total_score": "-4", "thru": "F", "r1": "67", "r2": "73", "r3": "--", "r4": "--", "tot_strokes": "140", "handicap": 2, "group": 6}, "Talor Gooch": {"pga_num": "9513", "rank": "T21", "change": "<span class=\"MovementArrow dib mv down\"><svg class=\"icon__svg\" viewbox=\"0 0 24 24\"><use xlink:href=\"#icon__arrow__down\"></use></svg>17</span>", "round_score": "+2", "total_score": "-4", "thru": "F", "r1": "66", "r2": "74", "r3": "--", "r4": "--", "tot_strokes": "140", "handicap": 1, "group": 5}, "Lucas Glover": {"pga_num": "676", "rank": "T21", "change": "<span class=\"MovementArrow dib mv\">-</span>", "round_score": "E", "total_score": "-4", "thru": "F", "r1": "68", "r2": "72", "r3": "--", "r4": "--", "tot_strokes": "140", "handicap": 1, "group": 6}, "Ted Potter Jr.": {"pga_num": "2883", "rank": "T21", "change": "<span class=\"MovementArrow dib mv up\"><svg class=\"icon__svg\" viewbox=\"0 0 24 24\"><use xlink:href=\"#icon__arrow__up\"></use></svg>48</span>", "round_score": "-3", "total_score": "-4", "thru": "F", "r1": "71", "r2": "69", "r3": "--", "r4": "--", "tot_strokes": "140", "handicap": 5, "group": 6}, "Chase Seiffert": {"pga_num": "8975", "rank": "T21", "change": "<span class=\"MovementArrow dib mv up\"><svg class=\"icon__svg\" viewbox=\"0 0 24 24\"><use xlink:href=\"#icon__arrow__up\"></use></svg>67</span>", "round_score": "-4", "total_score": "-4", "thru": "F", "r1": "72", "r2": "68", "r3": "--", "r4": "--", "tot_strokes": "140", "handicap": 3, "group": 6}, "Cameron Tringale": {"pga_num": "4645", "rank": "T29", "change": "<span class=\"MovementArrow dib mv up\"><svg class=\"icon__svg\" viewbox=\"0 0 24 24\"><use xlink:href=\"#icon__arrow__up\"></use></svg>59</span>", "round_score": "-3", "total_score": "-3", "thru": "F", "r1": "72", "r2": "69", "r3": "--", "r4": "--", "tot_strokes": "141", "handicap": 1, "group": 5}, "Marc Leishman": {"pga_num": "3351", "rank": "T29", "change": "<span class=\"MovementArrow dib mv up\"><svg class=\"icon__svg\" viewbox=\"0 0 24 24\"><use xlink:href=\"#icon__arrow__up\"></use></svg>40</span>", "round_score": "-2", "total_score": "-3", "thru": "F", "r1": "71", "r2": "70", "r3": "--", "r4": "--", "tot_strokes": "141", "handicap": 0, "group": 2}, "Bo Hoag": {"pga_num": "4780", "rank": "T29", "change": "<span class=\"MovementArrow dib mv up\"><svg class=\"icon__svg\" viewbox=\"0 0 24 24\"><use xlink:href=\"#icon__arrow__up\"></use></svg>59</span>", "round_score": "-3", "total_score": "-3", "thru": "F", "r1": "72", "r2": "69", "r3": "--", "r4": "--", "tot_strokes": "141", "handicap": 3, "group": 6}, "Doug Ghim": {"pga_num": "11456", "rank": "T29", "change": "<span class=\"MovementArrow dib mv up\"><svg class=\"icon__svg\" viewbox=\"0 0 24 24\"><use xlink:href=\"#icon__arrow__up\"></use></svg>19</span>", "round_score": "-1", "total_score": "-3", "thru": "F", "r1": "70", "r2": "71", "r3": "--", "r4": "--", "tot_strokes": "141", "handicap": 3, "group": 6}, "Brandon Hagy": {"pga_num": "9584", "rank": "T29", "change": "<span class=\"MovementArrow dib mv down\"><svg class=\"icon__svg\" viewbox=\"0 0 24 24\"><use xlink:href=\"#icon__arrow__down\"></use></svg>25</span>", "round_score": "+3", "total_score": "-3", "thru": "F", "r1": "66", "r2": "75", "r3": "--", "r4": "--", "tot_strokes": "141", "handicap": 4, "group": 6}, "John Huh": {"pga_num": "5797", "rank": "T29", "change": "<span class=\"MovementArrow dib mv up\"><svg class=\"icon__svg\" viewbox=\"0 0 24 24\"><use xlink:href=\"#icon__arrow__up\"></use></svg>3</span>", "round_score": "E", "total_score": "-3", "thru": "F", "r1": "69", "r2": "72", "r3": "--", "r4": "--", "tot_strokes": "141", "handicap": 3, "group": 6}, "Cameron Davis": {"pga_num": "10863", "rank": "T29", "change": "<span class=\"MovementArrow dib mv up\"><svg class=\"icon__svg\" viewbox=\"0 0 24 24\"><use xlink:href=\"#icon__arrow__up\"></use></svg>19</span>", "round_score": "-1", "total_score": "-3", "thru": "F", "r1": "70", "r2": "71", "r3": "--", "r4": "--", "tot_strokes": "141", "handicap": 1, "group": 6}, "Gary Woodland": {"pga_num": "3550", "rank": "T29", "change": "<span class=\"MovementArrow dib mv down\"><svg class=\"icon__svg\" viewbox=\"0 0 24 24\"><use xlink:href=\"#icon__arrow__down\"></use></svg>25</span>", "round_score": "+3", "total_score": "-3", "thru": "F", "r1": "66", "r2": "75", "r3": "--", "r4": "--", "tot_strokes": "141", "handicap": 0, "group": 2}, "Pat Perez": {"pga_num": "707", "rank": "T29", "change": "<span class=\"MovementArrow dib mv up\"><svg class=\"icon__svg\" viewbox=\"0 0 24 24\"><use xlink:href=\"#icon__arrow__up\"></use></svg>40</span>", "round_score": "-2", "total_score": "-3", "thru": "F", "r1": "71", "r2": "70", "r3": "--", "r4": "--", "tot_strokes": "141", "handicap": 2, "group": 6}, "Danny Lee": {"pga_num": "3950", "rank": "T29", "change": "<span class=\"MovementArrow dib mv up\"><svg class=\"icon__svg\" viewbox=\"0 0 24 24\"><use xlink:href=\"#icon__arrow__up\"></use></svg>90</span>", "round_score": "-5", "total_score": "-3", "thru": "F", "r1": "74", "r2": "67", "r3": "--", "r4": "--", "tot_strokes": "141", "handicap": 2, "group": 6}, "Roger Sloan": {"pga_num": "6090", "rank": "T29", "change": "<span class=\"MovementArrow dib mv down\"><svg class=\"icon__svg\" viewbox=\"0 0 24 24\"><use xlink:href=\"#icon__arrow__down\"></use></svg>8</span>", "round_score": "+1", "total_score": "-3", "thru": "F", "r1": "68", "r2": "73", "r3": "--", "r4": "--", "tot_strokes": "141", "handicap": 3, "group": 6}, "Hideki Matsuyama": {"pga_num": "5860", "rank": "T40", "change": "<span class=\"MovementArrow dib mv up\"><svg class=\"icon__svg\" viewbox=\"0 0 24 24\"><use xlink:href=\"#icon__arrow__up\"></use></svg>79</span>", "round_score": "-4", "total_score": "-2", "thru": "F", "r1": "74", "r2": "68", "r3": "--", "r4": "--", "tot_strokes": "142", "handicap": 0, "group": 2}, "Denny McCarthy": {"pga_num": "10054", "rank": "T40", "change": "<span class=\"MovementArrow dib mv down\"><svg class=\"icon__svg\" viewbox=\"0 0 24 24\"><use xlink:href=\"#icon__arrow__down\"></use></svg>24</span>", "round_score": "+3", "total_score": "-2", "thru": "F", "r1": "67", "r2": "75", "r3": "--", "r4": "--", "tot_strokes": "142", "handicap": 2, "group": 6}, "K.J. Choi": {"pga_num": "77", "rank": "T40", "change": "<span class=\"MovementArrow dib mv down\"><svg class=\"icon__svg\" viewbox=\"0 0 24 24\"><use xlink:href=\"#icon__arrow__down\"></use></svg>36</span>", "round_score": "+4", "total_score": "-2", "thru": "F", "r1": "66", "r2": "76", "r3": "--", "r4": "--", "tot_strokes": "142", "handicap": 6, "group": 6}, "Charl Schwartzel": {"pga_num": "1097", "rank": "T40", "change": "<span class=\"MovementArrow dib mv up\"><svg class=\"icon__svg\" viewbox=\"0 0 24 24\"><use xlink:href=\"#icon__arrow__up\"></use></svg>8</span>", "round_score": "E", "total_score": "-2", "thru": "F", "r1": "70", "r2": "72", "r3": "--", "r4": "--", "tot_strokes": "142", "handicap": 2, "group": 6}, "Joseph Bramlett": {"pga_num": "5902", "rank": "T40", "change": "<span class=\"MovementArrow dib mv down\"><svg class=\"icon__svg\" viewbox=\"0 0 24 24\"><use xlink:href=\"#icon__arrow__down\"></use></svg>8</span>", "round_score": "+1", "total_score": "-2", "thru": "F", "r1": "69", "r2": "73", "r3": "--", "r4": "--", "tot_strokes": "142", "handicap": 3, "group": 6}, "Kyle Mendoza": {"pga_num": "4713444", "rank": "T40", "change": "<span class=\"MovementArrow dib mv up\"><svg class=\"icon__svg\" viewbox=\"0 0 24 24\"><use xlink:href=\"#icon__arrow__up\"></use></svg>67</span>", "round_score": "-3", "total_score": "-2", "thru": "F", "r1": "73", "r2": "69", "r3": "--", "r4": "--", "tot_strokes": "142", "handicap": 20, "group": 6}, "Kelly Kraft": {"pga_num": "6689", "rank": "T40", "change": "<span class=\"MovementArrow dib mv up\"><svg class=\"icon__svg\" viewbox=\"0 0 24 24\"><use xlink:href=\"#icon__arrow__up\"></use></svg>67</span>", "round_score": "-3", "total_score": "-2", "thru": "F", "r1": "73", "r2": "69", "r3": "--", "r4": "--", "tot_strokes": "142", "handicap": 5, "group": 6}, "Kyle Stanley": {"pga_num": "1778", "rank": "T40", "change": "<span class=\"MovementArrow dib mv up\"><svg class=\"icon__svg\" viewbox=\"0 0 24 24\"><use xlink:href=\"#icon__arrow__up\"></use></svg>48</span>", "round_score": "-2", "total_score": "-2", "thru": "F", "r1": "72", "r2": "70", "r3": "--", "r4": "--", "tot_strokes": "142", "handicap": 2, "group": 6}, "Grayson Murray": {"pga_num": "5462", "rank": "T40", "change": "<span class=\"MovementArrow dib mv down\"><svg class=\"icon__svg\" viewbox=\"0 0 24 24\"><use xlink:href=\"#icon__arrow__down\"></use></svg>8</span>", "round_score": "+1", "total_score": "-2", "thru": "F", "r1": "69", "r2": "73", "r3": "--", "r4": "--", "tot_strokes": "142", "handicap": 6, "group": 6}, "Xander Schauffele": {"pga_num": "10140", "rank": "T40", "change": "<span class=\"MovementArrow dib mv up\"><svg class=\"icon__svg\" viewbox=\"0 0 24 24\"><use xlink:href=\"#icon__arrow__up\"></use></svg>8</span>", "round_score": "E", "total_score": "-2", "thru": "F", "r1": "70", "r2": "72", "r3": "--", "r4": "--", "tot_strokes": "142", "handicap": 0, "group": 1}, "Steve Stricker": {"pga_num": "412", "rank": "T40", "change": "<span class=\"MovementArrow dib mv up\"><svg class=\"icon__svg\" viewbox=\"0 0 24 24\"><use xlink:href=\"#icon__arrow__up\"></use></svg>48</span>", "round_score": "-2", "total_score": "-2", "thru": "F", "r1": "72", "r2": "70", "r3": "--", "r4": "--", "tot_strokes": "142", "handicap": 5, "group": 6}, "Bill Haas": {"pga_num": "774", "rank": "T40", "change": "<span class=\"MovementArrow dib mv up\"><svg class=\"icon__svg\" viewbox=\"0 0 24 24\"><use xlink:href=\"#icon__arrow__up\"></use></svg>29</span>", "round_score": "-1", "total_score": "-2", "thru": "F", "r1": "71", "r2": "71", "r3": "--", "r4": "--", "tot_strokes": "142"}, "Henrik Norlander": {"pga_num": "5573", "rank": "T40", "change": "<span class=\"MovementArrow dib mv up\"><svg class=\"icon__svg\" viewbox=\"0 0 24 24\"><use xlink:href=\"#icon__arrow__up\"></use></svg>67</span>", "round_score": "-3", "total_score": "-2", "thru": "F", "r1": "73", "r2": "69", "r3": "--", "r4": "--", "tot_strokes": "142", "handicap": 2, "group": 6}, "Rhein Gibson": {"pga_num": "3948", "rank": "T40", "change": "<span class=\"MovementArrow dib mv down\"><svg class=\"icon__svg\" viewbox=\"0 0 24 24\"><use xlink:href=\"#icon__arrow__down\"></use></svg>36</span>", "round_score": "+4", "total_score": "-2", "thru": "F", "r1": "66", "r2": "76", "r3": "--", "r4": "--", "tot_strokes": "142", "handicap": 5, "group": 6}, "Tain Lee": {"pga_num": "6987", "rank": "T40", "change": "<span class=\"MovementArrow dib mv up\"><svg class=\"icon__svg\" viewbox=\"0 0 24 24\"><use xlink:href=\"#icon__arrow__up\"></use></svg>29</span>", "round_score": "-1", "total_score": "-2", "thru": "17", "r1": "71", "r2": "--", "r3": "--", "r4": "--", "tot_strokes": "71"}, "Matt Jones": {"pga_num": "1367", "rank": "T55", "change": "<span class=\"MovementArrow dib mv down\"><svg class=\"icon__svg\" viewbox=\"0 0 24 24\"><use xlink:href=\"#icon__arrow__down\"></use></svg>7</span>", "round_score": "+1", "total_score": "-1", "thru": "F", "r1": "70", "r2": "73", "r3": "--", "r4": "--", "tot_strokes": "143", "handicap": 1, "group": 5}, "Tim Wilkinson": {"pga_num": "1157", "rank": "T55", "change": "<span class=\"MovementArrow dib mv down\"><svg class=\"icon__svg\" viewbox=\"0 0 24 24\"><use xlink:href=\"#icon__arrow__down\"></use></svg>39</span>", "round_score": "+4", "total_score": "-1", "thru": "F", "r1": "67", "r2": "76", "r3": "--", "r4": "--", "tot_strokes": "143", "handicap": 5, "group": 6}, "Sepp Straka": {"pga_num": "8961", "rank": "T55", "change": "<span class=\"MovementArrow dib mv down\"><svg class=\"icon__svg\" viewbox=\"0 0 24 24\"><use xlink:href=\"#icon__arrow__down\"></use></svg>23</span>", "round_score": "+2", "total_score": "-1", "thru": "F", "r1": "69", "r2": "74", "r3": "--", "r4": "--", "tot_strokes": "143", "handicap": 1, "group": 6}, "Kevin Streelman": {"pga_num": "1077", "rank": "T55", "change": "<span class=\"MovementArrow dib mv down\"><svg class=\"icon__svg\" viewbox=\"0 0 24 24\"><use xlink:href=\"#icon__arrow__down\"></use></svg>34</span>", "round_score": "+3", "total_score": "-1", "thru": "F", "r1": "68", "r2": "75", "r3": "--", "r4": "--", "tot_strokes": "143", "handicap": 1, "group": 3}, "Dylan Frittelli": {"pga_num": "5167", "rank": "T55", "change": "<span class=\"MovementArrow dib mv down\"><svg class=\"icon__svg\" viewbox=\"0 0 24 24\"><use xlink:href=\"#icon__arrow__down\"></use></svg>7</span>", "round_score": "+1", "total_score": "-1", "thru": "F", "r1": "70", "r2": "73", "r3": "--", "r4": "--", "tot_strokes": "143", "handicap": 1, "group": 4}, "Sungjae Im": {"pga_num": "11382", "rank": "T55", "change": "<span class=\"MovementArrow dib mv down\"><svg class=\"icon__svg\" viewbox=\"0 0 24 24\"><use xlink:href=\"#icon__arrow__down\"></use></svg>23</span>", "round_score": "+2", "total_score": "-1", "thru": "F", "r1": "69", "r2": "74", "r3": "--", "r4": "--", "tot_strokes": "143", "handicap": 0, "group": 1}, "Justin Suh": {"pga_num": "10583", "rank": "T55", "change": "<span class=\"MovementArrow dib mv up\"><svg class=\"icon__svg\" viewbox=\"0 0 24 24\"><use xlink:href=\"#icon__arrow__up\"></use></svg>14</span>", "round_score": "E", "total_score": "-1", "thru": "F", "r1": "71", "r2": "72", "r3": "--", "r4": "--", "tot_strokes": "143", "handicap": 4, "group": 6}, "Cameron Percy": {"pga_num": "1121", "rank": "T55", "change": "<span class=\"MovementArrow dib mv up\"><svg class=\"icon__svg\" viewbox=\"0 0 24 24\"><use xlink:href=\"#icon__arrow__up\"></use></svg>14</span>", "round_score": "E", "total_score": "-1", "thru": "F", "r1": "71", "r2": "72", "r3": "--", "r4": "--", "tot_strokes": "143", "handicap": 4, "group": 6}, "Xinjun Zhang": {"pga_num": "4479", "rank": "T55", "change": "<span class=\"MovementArrow dib mv down\"><svg class=\"icon__svg\" viewbox=\"0 0 24 24\"><use xlink:href=\"#icon__arrow__down\"></use></svg>7</span>", "round_score": "+1", "total_score": "-1", "thru": "F", "r1": "70", "r2": "73", "r3": "--", "r4": "--", "tot_strokes": "143", "handicap": 2, "group": 6}, "Bronson Burgoon": {"pga_num": "1626", "rank": "T55", "change": "<span class=\"MovementArrow dib mv down\"><svg class=\"icon__svg\" viewbox=\"0 0 24 24\"><use xlink:href=\"#icon__arrow__down\"></use></svg>23</span>", "round_score": "+2", "total_score": "-1", "thru": "F", "r1": "69", "r2": "74", "r3": "--", "r4": "--", "tot_strokes": "143", "handicap": 3, "group": 6}, "Luke List": {"pga_num": "1059", "rank": "T55", "change": "<span class=\"MovementArrow dib mv down\"><svg class=\"icon__svg\" viewbox=\"0 0 24 24\"><use xlink:href=\"#icon__arrow__down\"></use></svg>51</span>", "round_score": "+5", "total_score": "-1", "thru": "F", "r1": "66", "r2": "77", "r3": "--", "r4": "--", "tot_strokes": "143", "handicap": 2, "group": 6}, "Matthew NeSmith": {"pga_num": "6954", "rank": "T55", "change": "<span class=\"MovementArrow dib mv down\"><svg class=\"icon__svg\" viewbox=\"0 0 24 24\"><use xlink:href=\"#icon__arrow__down\"></use></svg>7</span>", "round_score": "+1", "total_score": "-1", "thru": "F", "r1": "70", "r2": "73", "r3": "--", "r4": "--", "tot_strokes": "143", "handicap": 2, "group": 6}, "J.T. Poston": {"pga_num": "10505", "rank": "T55", "change": "<span class=\"MovementArrow dib mv down\"><svg class=\"icon__svg\" viewbox=\"0 0 24 24\"><use xlink:href=\"#icon__arrow__down\"></use></svg>23</span>", "round_score": "+2", "total_score": "-1", "thru": "F", "r1": "69", "r2": "74", "r3": "--", "r4": "--", "tot_strokes": "143", "handicap": 1, "group": 4}, "Jason Dufner": {"pga_num": "110", "rank": "T55", "change": "<span class=\"MovementArrow dib mv up\"><svg class=\"icon__svg\" viewbox=\"0 0 24 24\"><use xlink:href=\"#icon__arrow__up\"></use></svg>64</span>", "round_score": "-3", "total_score": "-1", "thru": "F", "r1": "74", "r2": "69", "r3": "--", "r4": "--", "tot_strokes": "143", "handicap": 4, "group": 6}, "Kevin Stadler": {"pga_num": "860", "rank": "T55", "change": "<span class=\"MovementArrow dib mv up\"><svg class=\"icon__svg\" viewbox=\"0 0 24 24\"><use xlink:href=\"#icon__arrow__up\"></use></svg>14</span>", "round_score": "E", "total_score": "-1", "thru": "F", "r1": "71", "r2": "72", "r3": "--", "r4": "--", "tot_strokes": "143", "handicap": 18, "group": 6}, "Phil Mickelson": {"pga_num": "308", "rank": "T55", "change": "<span class=\"MovementArrow dib mv up\"><svg class=\"icon__svg\" viewbox=\"0 0 24 24\"><use xlink:href=\"#icon__arrow__up\"></use></svg>14</span>", "round_score": "E", "total_score": "-1", "thru": "F", "r1": "71", "r2": "72", "r3": "--", "r4": "--", "tot_strokes": "143", "handicap": 1, "group": 4}, "Troy Merritt": {"pga_num": "3970", "rank": "T55", "change": "<span class=\"MovementArrow dib mv up\"><svg class=\"icon__svg\" viewbox=\"0 0 24 24\"><use xlink:href=\"#icon__arrow__up\"></use></svg>14</span>", "round_score": "E", "total_score": "-1", "thru": "F", "r1": "71", "r2": "72", "r3": "--", "r4": "--", "tot_strokes": "143", "handicap": 2, "group": 6}, "Michael Kim": {"pga_num": "8974", "rank": "T55", "change": "<span class=\"MovementArrow dib mv down\"><svg class=\"icon__svg\" viewbox=\"0 0 24 24\"><use xlink:href=\"#icon__arrow__down\"></use></svg>23</span>", "round_score": "+2", "total_score": "-1", "thru": "F", "r1": "69", "r2": "74", "r3": "--", "r4": "--", "tot_strokes": "143", "handicap": 18, "group": 6}, "Corey Conners": {"pga_num": "9126", "rank": "T55", "change": "<span class=\"MovementArrow dib mv up\"><svg class=\"icon__svg\" viewbox=\"0 0 24 24\"><use xlink:href=\"#icon__arrow__up\"></use></svg>33</span>", "round_score": "-1", "total_score": "-1", "thru": "F", "r1": "72", "r2": "71", "r3": "--", "r4": "--", "tot_strokes": "143", "handicap": 1, "group": 3}, "Rickie Fowler": {"pga_num": "3702", "rank": "T55", "change": "<span class=\"MovementArrow dib mv down\"><svg class=\"icon__svg\" viewbox=\"0 0 24 24\"><use xlink:href=\"#icon__arrow__down\"></use></svg>7</span>", "round_score": "+1", "total_score": "-1", "thru": "F", "r1": "70", "r2": "73", "r3": "--", "r4": "--", "tot_strokes": "143", "handicap": 1, "group": 3}, "Tom Lewis": {"pga_num": "5868", "rank": "T55", "change": "<span class=\"MovementArrow dib mv down\"><svg class=\"icon__svg\" viewbox=\"0 0 24 24\"><use xlink:href=\"#icon__arrow__down\"></use></svg>34</span>", "round_score": "+3", "total_score": "-1", "thru": "F", "r1": "68", "r2": "75", "r3": "--", "r4": "--", "tot_strokes": "143", "handicap": 1, "group": 4}, "Francesco Molinari": {"pga_num": "1483", "rank": "T55", "change": "<span class=\"MovementArrow dib mv up\"><svg class=\"icon__svg\" viewbox=\"0 0 24 24\"><use xlink:href=\"#icon__arrow__up\"></use></svg>33</span>", "round_score": "-1", "total_score": "-1", "thru": "F", "r1": "72", "r2": "71", "r3": "--", "r4": "--", "tot_strokes": "143", "handicap": 1, "group": 6}, "Louis Oosthuizen": {"pga_num": "1293", "rank": "T55", "change": "<span class=\"MovementArrow dib mv up\"><svg class=\"icon__svg\" viewbox=\"0 0 24 24\"><use xlink:href=\"#icon__arrow__up\"></use></svg>33</span>", "round_score": "-1", "total_score": "-1", "thru": "F", "r1": "72", "r2": "71", "r3": "--", "r4": "--", "tot_strokes": "143", "handicap": 0, "group": 2}, "Byeong-Hun An": {"pga_num": "5285", "rank": "T55", "change": "<span class=\"MovementArrow dib mv up\"><svg class=\"icon__svg\" viewbox=\"0 0 24 24\"><use xlink:href=\"#icon__arrow__up\"></use></svg>33</span>", "round_score": "-1", "total_score": "-1", "thru": "F", "r1": "72", "r2": "71", "r3": "--", "r4": "--", "tot_strokes": "143", "handicap": 1, "group": 4}, "Tyler McCumber": {"pga_num": "9002", "rank": "T55", "change": "<span class=\"MovementArrow dib mv up\"><svg class=\"icon__svg\" viewbox=\"0 0 24 24\"><use xlink:href=\"#icon__arrow__up\"></use></svg>81</span>", "round_score": "-5", "total_score": "-1", "thru": "F", "r1": "76", "r2": "67", "r3": "--", "r4": "--", "tot_strokes": "143", "handicap": 3, "group": 6}, "Scott Brown": {"pga_num": "4591", "rank": "T80", "change": "<span class=\"MovementArrow dib mv down\"><svg class=\"icon__svg\" viewbox=\"0 0 24 24\"><use xlink:href=\"#icon__arrow__down\"></use></svg>11</span>", "round_score": "+1", "total_score": "E", "thru": "F", "r1": "71", "r2": "73", "r3": "--", "r4": "--", "tot_strokes": "144", "handicap": 2, "group": 6}, "Scottie Scheffler": {"pga_num": "9478", "rank": "T80", "change": "<span class=\"MovementArrow dib mv down\"><svg class=\"icon__svg\" viewbox=\"0 0 24 24\"><use xlink:href=\"#icon__arrow__down\"></use></svg>77</span>", "round_score": "+7", "total_score": "E", "thru": "F", "r1": "65", "r2": "79", "r3": "--", "r4": "--", "tot_strokes": "144", "handicap": 0, "group": 2}, "Scott Stallings": {"pga_num": "3378", "rank": "T80", "change": "<span class=\"MovementArrow dib mv down\"><svg class=\"icon__svg\" viewbox=\"0 0 24 24\"><use xlink:href=\"#icon__arrow__down\"></use></svg>48</span>", "round_score": "+3", "total_score": "E", "thru": "F", "r1": "69", "r2": "75", "r3": "--", "r4": "--", "tot_strokes": "144", "handicap": 2, "group": 6}, "Ryan Moore": {"pga_num": "809", "rank": "T80", "change": "<span class=\"MovementArrow dib mv down\"><svg class=\"icon__svg\" viewbox=\"0 0 24 24\"><use xlink:href=\"#icon__arrow__down\"></use></svg>32</span>", "round_score": "+2", "total_score": "E", "thru": "F", "r1": "70", "r2": "74", "r3": "--", "r4": "--", "tot_strokes": "144", "handicap": 2, "group": 6}, "Brian Stuard": {"pga_num": "3599", "rank": "T80", "change": "<span class=\"MovementArrow dib mv down\"><svg class=\"icon__svg\" viewbox=\"0 0 24 24\"><use xlink:href=\"#icon__arrow__down\"></use></svg>11</span>", "round_score": "+1", "total_score": "E", "thru": "F", "r1": "71", "r2": "73", "r3": "--", "r4": "--", "tot_strokes": "144", "handicap": 2, "group": 6}, "Satoshi Kodaira": {"pga_num": "9076", "rank": "T80", "change": "<span class=\"MovementArrow dib mv down\"><svg class=\"icon__svg\" viewbox=\"0 0 24 24\"><use xlink:href=\"#icon__arrow__down\"></use></svg>11</span>", "round_score": "+1", "total_score": "E", "thru": "F", "r1": "71", "r2": "73", "r3": "--", "r4": "--", "tot_strokes": "144", "handicap": 4, "group": 6}, "Robert Streb": {"pga_num": "5619", "rank": "T80", "change": "<span class=\"MovementArrow dib mv down\"><svg class=\"icon__svg\" viewbox=\"0 0 24 24\"><use xlink:href=\"#icon__arrow__down\"></use></svg>59</span>", "round_score": "+4", "total_score": "E", "thru": "F", "r1": "68", "r2": "76", "r3": "--", "r4": "--", "tot_strokes": "144", "handicap": 1, "group": 5}, "Mackenzie Hughes": {"pga_num": "6931", "rank": "T80", "change": "<span class=\"MovementArrow dib mv down\"><svg class=\"icon__svg\" viewbox=\"0 0 24 24\"><use xlink:href=\"#icon__arrow__down\"></use></svg>32</span>", "round_score": "+2", "total_score": "E", "thru": "F", "r1": "70", "r2": "74", "r3": "--", "r4": "--", "tot_strokes": "144", "handicap": 0, "group": 3}, "Beau Hossler": {"pga_num": "6011", "rank": "T80", "change": "<span class=\"MovementArrow dib mv down\"><svg class=\"icon__svg\" viewbox=\"0 0 24 24\"><use xlink:href=\"#icon__arrow__down\"></use></svg>76</span>", "round_score": "+6", "total_score": "E", "thru": "F", "r1": "66", "r2": "78", "r3": "--", "r4": "--", "tot_strokes": "144", "handicap": 3, "group": 6}, "Si Woo Kim": {"pga_num": "7081", "rank": "T80", "change": "<span class=\"MovementArrow dib mv down\"><svg class=\"icon__svg\" viewbox=\"0 0 24 24\"><use xlink:href=\"#icon__arrow__down\"></use></svg>59</span>", "round_score": "+4", "total_score": "E", "thru": "F", "r1": "68", "r2": "76", "r3": "--", "r4": "--", "tot_strokes": "144", "handicap": 0, "group": 3}, "Martin Laird": {"pga_num": "2571", "rank": "T80", "change": "<span class=\"MovementArrow dib mv down\"><svg class=\"icon__svg\" viewbox=\"0 0 24 24\"><use xlink:href=\"#icon__arrow__down\"></use></svg>32</span>", "round_score": "+2", "total_score": "E", "thru": "F", "r1": "70", "r2": "74", "r3": "--", "r4": "--", "tot_strokes": "144", "handicap": 1, "group": 4}, "Jordan Spieth": {"pga_num": "5467", "rank": "T80", "change": "<span class=\"MovementArrow dib mv down\"><svg class=\"icon__svg\" viewbox=\"0 0 24 24\"><use xlink:href=\"#icon__arrow__down\"></use></svg>48</span>", "round_score": "+3", "total_score": "E", "thru": "F", "r1": "69", "r2": "75", "r3": "--", "r4": "--", "tot_strokes": "144", "handicap": 1, "group": 5}, "Seung-yul Noh": {"pga_num": "4267", "rank": "T80", "change": "<span class=\"MovementArrow dib mv down\"><svg class=\"icon__svg\" viewbox=\"0 0 24 24\"><use xlink:href=\"#icon__arrow__down\"></use></svg>59</span>", "round_score": "+4", "total_score": "E", "thru": "F", "r1": "68", "r2": "76", "r3": "--", "r4": "--", "tot_strokes": "144", "handicap": 7, "group": 6}, "Doc Redman": {"pga_num": "11448", "rank": "T80", "change": "<span class=\"MovementArrow dib mv up\"><svg class=\"icon__svg\" viewbox=\"0 0 24 24\"><use xlink:href=\"#icon__arrow__up\"></use></svg>27</span>", "round_score": "-1", "total_score": "E", "thru": "F", "r1": "73", "r2": "71", "r3": "--", "r4": "--", "tot_strokes": "144", "handicap": 1, "group": 5}, "Hank Lebioda": {"pga_num": "11387", "rank": "T80", "change": "<span class=\"MovementArrow dib mv up\"><svg class=\"icon__svg\" viewbox=\"0 0 24 24\"><use xlink:href=\"#icon__arrow__up\"></use></svg>27</span>", "round_score": "-1", "total_score": "E", "thru": "F", "r1": "73", "r2": "71", "r3": "--", "r4": "--", "tot_strokes": "144", "handicap": 3, "group": 6}, "Chesson Hadley": {"pga_num": "5704", "rank": "T95", "change": "<span class=\"MovementArrow dib mv up\"><svg class=\"icon__svg\" viewbox=\"0 0 24 24\"><use xlink:href=\"#icon__arrow__up\"></use></svg>12</span>", "round_score": "E", "total_score": "+1", "thru": "F", "r1": "73", "r2": "72", "r3": "--", "r4": "--", "tot_strokes": "145", "handicap": 3, "group": 6}, "Cameron Smith": {"pga_num": "9131", "rank": "T95", "change": "<span class=\"MovementArrow dib mv down\"><svg class=\"icon__svg\" viewbox=\"0 0 24 24\"><use xlink:href=\"#icon__arrow__down\"></use></svg>91</span>", "round_score": "+7", "total_score": "+1", "thru": "F", "r1": "66", "r2": "79", "r3": "--", "r4": "--", "tot_strokes": "145", "handicap": 0, "group": 2}, "Tyler Duncan": {"pga_num": "9569", "rank": "T95", "change": "<span class=\"MovementArrow dib mv up\"><svg class=\"icon__svg\" viewbox=\"0 0 24 24\"><use xlink:href=\"#icon__arrow__up\"></use></svg>12</span>", "round_score": "E", "total_score": "+1", "thru": "F", "r1": "73", "r2": "72", "r3": "--", "r4": "--", "tot_strokes": "145", "handicap": 2, "group": 6}, "Russell Knox": {"pga_num": "4483", "rank": "T95", "change": "<span class=\"MovementArrow dib mv down\"><svg class=\"icon__svg\" viewbox=\"0 0 24 24\"><use xlink:href=\"#icon__arrow__down\"></use></svg>26</span>", "round_score": "+2", "total_score": "+1", "thru": "F", "r1": "71", "r2": "74", "r3": "--", "r4": "--", "tot_strokes": "145", "handicap": 2, "group": 6}, "Erik van Rooyen": {"pga_num": "9364", "rank": "T95", "change": "<span class=\"MovementArrow dib mv up\"><svg class=\"icon__svg\" viewbox=\"0 0 24 24\"><use xlink:href=\"#icon__arrow__up\"></use></svg>24</span>", "round_score": "-1", "total_score": "+1", "thru": "F", "r1": "74", "r2": "71", "r3": "--", "r4": "--", "tot_strokes": "145", "handicap": 1, "group": 3}, "Rafael Campos": {"pga_num": "3683", "rank": "T95", "change": "<span class=\"MovementArrow dib mv down\"><svg class=\"icon__svg\" viewbox=\"0 0 24 24\"><use xlink:href=\"#icon__arrow__down\"></use></svg>26</span>", "round_score": "+2", "total_score": "+1", "thru": "F", "r1": "71", "r2": "74", "r3": "--", "r4": "--", "tot_strokes": "145", "handicap": 7, "group": 6}, "Jared du Toit": {"pga_num": "10666", "rank": "T95", "change": "<span class=\"MovementArrow dib mv down\"><svg class=\"icon__svg\" viewbox=\"0 0 24 24\"><use xlink:href=\"#icon__arrow__down\"></use></svg>47</span>", "round_score": "+3", "total_score": "+1", "thru": "F", "r1": "70", "r2": "75", "r3": "--", "r4": "--", "tot_strokes": "145"}, "Billy Horschel": {"pga_num": "1651", "rank": "T95", "change": "<span class=\"MovementArrow dib mv up\"><svg class=\"icon__svg\" viewbox=\"0 0 24 24\"><use xlink:href=\"#icon__arrow__up\"></use></svg>41</span>", "round_score": "-3", "total_score": "+1", "thru": "F", "r1": "76", "r2": "69", "r3": "--", "r4": "--", "tot_strokes": "145", "handicap": 0, "group": 2}, "Adam Schenk": {"pga_num": "10372", "rank": "T103", "change": "<span class=\"MovementArrow dib mv up\"><svg class=\"icon__svg\" viewbox=\"0 0 24 24\"><use xlink:href=\"#icon__arrow__up\"></use></svg>29</span>", "round_score": "-1", "total_score": "+2", "thru": "F", "r1": "75", "r2": "71", "r3": "--", "r4": "--", "tot_strokes": "146", "handicap": 2, "group": 6}, "Anirban Lahiri": {"pga_num": "4989", "rank": "T103", "change": "<span class=\"MovementArrow dib mv down\"><svg class=\"icon__svg\" viewbox=\"0 0 24 24\"><use xlink:href=\"#icon__arrow__down\"></use></svg>82</span>", "round_score": "+6", "total_score": "+2", "thru": "F", "r1": "68", "r2": "78", "r3": "--", "r4": "--", "tot_strokes": "146", "handicap": 4, "group": 6}, "Matt Every": {"pga_num": "1411", "rank": "T103", "change": "<span class=\"MovementArrow dib mv up\"><svg class=\"icon__svg\" viewbox=\"0 0 24 24\"><use xlink:href=\"#icon__arrow__up\"></use></svg>33</span>", "round_score": "-2", "total_score": "+2", "thru": "F", "r1": "76", "r2": "70", "r3": "--", "r4": "--", "tot_strokes": "146", "handicap": 5, "group": 6}, "Patrick Rodgers": {"pga_num": "6825", "rank": "T103", "change": "<span class=\"MovementArrow dib mv down\"><svg class=\"icon__svg\" viewbox=\"0 0 24 24\"><use xlink:href=\"#icon__arrow__down\"></use></svg>15</span>", "round_score": "+2", "total_score": "+2", "thru": "F", "r1": "72", "r2": "74", "r3": "--", "r4": "--", "tot_strokes": "146", "handicap": 2, "group": 6}, "Kyoung-Hoon Lee": {"pga_num": "7083", "rank": "T103", "change": "<span class=\"MovementArrow dib mv up\"><svg class=\"icon__svg\" viewbox=\"0 0 24 24\"><use xlink:href=\"#icon__arrow__up\"></use></svg>16</span>", "round_score": "E", "total_score": "+2", "thru": "F", "r1": "74", "r2": "72", "r3": "--", "r4": "--", "tot_strokes": "146", "handicap": 3, "group": 6}, "Jimmy Walker": {"pga_num": "446", "rank": "T103", "change": "<span class=\"MovementArrow dib mv up\"><svg class=\"icon__svg\" viewbox=\"0 0 24 24\"><use xlink:href=\"#icon__arrow__up\"></use></svg>4</span>", "round_score": "+1", "total_score": "+2", "thru": "F", "r1": "73", "r2": "73", "r3": "--", "r4": "--", "tot_strokes": "146", "handicap": 4, "group": 6}, "Michael Gellerman": {"pga_num": "10065", "rank": "T103", "change": "<span class=\"MovementArrow dib mv up\"><svg class=\"icon__svg\" viewbox=\"0 0 24 24\"><use xlink:href=\"#icon__arrow__up\"></use></svg>16</span>", "round_score": "E", "total_score": "+2", "thru": "F", "r1": "74", "r2": "72", "r3": "--", "r4": "--", "tot_strokes": "146", "handicap": 6, "group": 6}, "Kramer Hickok": {"pga_num": "10363", "rank": "T103", "change": "<span class=\"MovementArrow dib mv up\"><svg class=\"icon__svg\" viewbox=\"0 0 24 24\"><use xlink:href=\"#icon__arrow__up\"></use></svg>4</span>", "round_score": "+1", "total_score": "+2", "thru": "F", "r1": "73", "r2": "73", "r3": "--", "r4": "--", "tot_strokes": "146", "handicap": 3, "group": 6}, "J.B. Holmes": {"pga_num": "1067", "rank": "T103", "change": "<span class=\"MovementArrow dib mv up\"><svg class=\"icon__svg\" viewbox=\"0 0 24 24\"><use xlink:href=\"#icon__arrow__up\"></use></svg>29</span>", "round_score": "-1", "total_score": "+2", "thru": "F", "r1": "75", "r2": "71", "r3": "--", "r4": "--", "tot_strokes": "146", "handicap": 3, "group": 6}, "Cameron Young": {"pga_num": "4425906", "rank": "T103", "change": "<span class=\"MovementArrow dib mv up\"><svg class=\"icon__svg\" viewbox=\"0 0 24 24\"><use xlink:href=\"#icon__arrow__up\"></use></svg>16</span>", "round_score": "E", "total_score": "+2", "thru": "F", "r1": "74", "r2": "72", "r3": "--", "r4": "--", "tot_strokes": "146"}, "Hunter Mahan": {"pga_num": "957", "rank": "T113", "change": "<span class=\"MovementArrow dib mv up\"><svg class=\"icon__svg\" viewbox=\"0 0 24 24\"><use xlink:href=\"#icon__arrow__up\"></use></svg>23</span>", "round_score": "-1", "total_score": "+3", "thru": "F", "r1": "76", "r2": "71", "r3": "--", "r4": "--", "tot_strokes": "147", "handicap": 16, "group": 6}, "Jhonattan Vegas": {"pga_num": "1030", "rank": "T113", "change": "<span class=\"MovementArrow dib mv down\"><svg class=\"icon__svg\" viewbox=\"0 0 24 24\"><use xlink:href=\"#icon__arrow__down\"></use></svg>65</span>", "round_score": "+5", "total_score": "+3", "thru": "F", "r1": "70", "r2": "77", "r3": "--", "r4": "--", "tot_strokes": "147", "handicap": 2, "group": 6}, "Charles Howell III": {"pga_num": "208", "rank": "T113", "change": "<span class=\"MovementArrow dib mv up\"><svg class=\"icon__svg\" viewbox=\"0 0 24 24\"><use xlink:href=\"#icon__arrow__up\"></use></svg>41</span>", "round_score": "-5", "total_score": "+3", "thru": "F", "r1": "80", "r2": "67", "r3": "--", "r4": "--", "tot_strokes": "147", "handicap": 1, "group": 6}, "Cameron Champ": {"pga_num": "11098", "rank": "T113", "change": "<span class=\"MovementArrow dib mv down\"><svg class=\"icon__svg\" viewbox=\"0 0 24 24\"><use xlink:href=\"#icon__arrow__down\"></use></svg>92</span>", "round_score": "+7", "total_score": "+3", "thru": "F", "r1": "68", "r2": "79", "r3": "--", "r4": "--", "tot_strokes": "147", "handicap": 1, "group": 4}, "Chris Baker": {"pga_num": "4628", "rank": "T113", "change": "<span class=\"MovementArrow dib mv down\"><svg class=\"icon__svg\" viewbox=\"0 0 24 24\"><use xlink:href=\"#icon__arrow__down\"></use></svg>25</span>", "round_score": "+3", "total_score": "+3", "thru": "F", "r1": "72", "r2": "75", "r3": "--", "r4": "--", "tot_strokes": "147", "handicap": 4, "group": 6}, "Emiliano Grillo": {"pga_num": "5882", "rank": "T113", "change": "<span class=\"MovementArrow dib mv up\"><svg class=\"icon__svg\" viewbox=\"0 0 24 24\"><use xlink:href=\"#icon__arrow__up\"></use></svg>23</span>", "round_score": "-1", "total_score": "+3", "thru": "F", "r1": "76", "r2": "71", "r3": "--", "r4": "--", "tot_strokes": "147", "handicap": 2, "group": 6}, "Bubba Watson": {"pga_num": "780", "rank": "T113", "change": "<span class=\"MovementArrow dib mv down\"><svg class=\"icon__svg\" viewbox=\"0 0 24 24\"><use xlink:href=\"#icon__arrow__down\"></use></svg>65</span>", "round_score": "+5", "total_score": "+3", "thru": "F", "r1": "70", "r2": "77", "r3": "--", "r4": "--", "tot_strokes": "147", "handicap": 0, "group": 3}, "Ben Taylor": {"pga_num": "10134", "rank": "T113", "change": "<span class=\"MovementArrow dib mv down\"><svg class=\"icon__svg\" viewbox=\"0 0 24 24\"><use xlink:href=\"#icon__arrow__down\"></use></svg>6</span>", "round_score": "+2", "total_score": "+3", "thru": "F", "r1": "73", "r2": "74", "r3": "--", "r4": "--", "tot_strokes": "147", "handicap": 8, "group": 6}, "Kristoffer Ventura": {"pga_num": "4351896", "rank": "T113", "change": "<span class=\"MovementArrow dib mv down\"><svg class=\"icon__svg\" viewbox=\"0 0 24 24\"><use xlink:href=\"#icon__arrow__down\"></use></svg>25</span>", "round_score": "+3", "total_score": "+3", "thru": "F", "r1": "72", "r2": "75", "r3": "--", "r4": "--", "tot_strokes": "147", "handicap": 2, "group": 6}, "Aaron Baddeley": {"pga_num": "16", "rank": "T122", "change": "<span class=\"MovementArrow dib mv up\"><svg class=\"icon__svg\" viewbox=\"0 0 24 24\"><use xlink:href=\"#icon__arrow__up\"></use></svg>10</span>", "round_score": "+1", "total_score": "+4", "thru": "F", "r1": "75", "r2": "73", "r3": "--", "r4": "--", "tot_strokes": "148", "handicap": 4, "group": 6}, "Tom Hoge": {"pga_num": "6086", "rank": "T122", "change": "<span class=\"MovementArrow dib mv down\"><svg class=\"icon__svg\" viewbox=\"0 0 24 24\"><use xlink:href=\"#icon__arrow__down\"></use></svg>74</span>", "round_score": "+6", "total_score": "+4", "thru": "F", "r1": "70", "r2": "78", "r3": "--", "r4": "--", "tot_strokes": "148", "handicap": 1, "group": 6}, "Scott Harrington": {"pga_num": "1210", "rank": "T122", "change": "<span class=\"MovementArrow dib mv down\"><svg class=\"icon__svg\" viewbox=\"0 0 24 24\"><use xlink:href=\"#icon__arrow__down\"></use></svg>3</span>", "round_score": "+2", "total_score": "+4", "thru": "F", "r1": "74", "r2": "74", "r3": "--", "r4": "--", "tot_strokes": "148", "handicap": 3, "group": 6}, "Jason Day": {"pga_num": "1680", "rank": "T122", "change": "<span class=\"MovementArrow dib mv up\"><svg class=\"icon__svg\" viewbox=\"0 0 24 24\"><use xlink:href=\"#icon__arrow__up\"></use></svg>14</span>", "round_score": "E", "total_score": "+4", "thru": "F", "r1": "76", "r2": "72", "r3": "--", "r4": "--", "tot_strokes": "148", "handicap": 0, "group": 3}, "Brooks Koepka": {"pga_num": "6798", "rank": "T122", "change": "<span class=\"MovementArrow dib mv down\"><svg class=\"icon__svg\" viewbox=\"0 0 24 24\"><use xlink:href=\"#icon__arrow__down\"></use></svg>34</span>", "round_score": "+4", "total_score": "+4", "thru": "F", "r1": "72", "r2": "76", "r3": "--", "r4": "--", "tot_strokes": "148", "handicap": 0, "group": 1}, "Maverick McNealy": {"pga_num": "9530", "rank": "T122", "change": "<span class=\"MovementArrow dib mv down\"><svg class=\"icon__svg\" viewbox=\"0 0 24 24\"><use xlink:href=\"#icon__arrow__down\"></use></svg>3</span>", "round_score": "+2", "total_score": "+4", "thru": "F", "r1": "74", "r2": "74", "r3": "--", "r4": "--", "tot_strokes": "148", "handicap": 2, "group": 6}, "J.J. Spaun": {"pga_num": "10166", "rank": "T122", "change": "<span class=\"MovementArrow dib mv down\"><svg class=\"icon__svg\" viewbox=\"0 0 24 24\"><use xlink:href=\"#icon__arrow__down\"></use></svg>3</span>", "round_score": "+2", "total_score": "+4", "thru": "F", "r1": "74", "r2": "74", "r3": "--", "r4": "--", "tot_strokes": "148", "handicap": 5, "group": 6}, "Keith Mitchell": {"pga_num": "8906", "rank": "T122", "change": "<span class=\"MovementArrow dib mv up\"><svg class=\"icon__svg\" viewbox=\"0 0 24 24\"><use xlink:href=\"#icon__arrow__up\"></use></svg>21</span>", "round_score": "-1", "total_score": "+4", "thru": "F", "r1": "77", "r2": "71", "r3": "--", "r4": "--", "tot_strokes": "148", "handicap": 2, "group": 6}, "Kevin Tway": {"pga_num": "3793", "rank": "T130", "change": "<span class=\"MovementArrow dib mv down\"><svg class=\"icon__svg\" viewbox=\"0 0 24 24\"><use xlink:href=\"#icon__arrow__down\"></use></svg>98</span>", "round_score": "+8", "total_score": "+5", "thru": "F", "r1": "69", "r2": "80", "r3": "--", "r4": "--", "tot_strokes": "149", "handicap": 4, "group": 6}, "Sebastian Cappelen": {"pga_num": "9564", "rank": "T130", "change": "<span class=\"MovementArrow dib mv down\"><svg class=\"icon__svg\" viewbox=\"0 0 24 24\"><use xlink:href=\"#icon__arrow__down\"></use></svg>82</span>", "round_score": "+7", "total_score": "+5", "thru": "F", "r1": "70", "r2": "79", "r3": "--", "r4": "--", "tot_strokes": "149", "handicap": 4, "group": 6}, "Mark D. Anderson": {"pga_num": "6648", "rank": "T130", "change": "<span class=\"MovementArrow dib mv up\"><svg class=\"icon__svg\" viewbox=\"0 0 24 24\"><use xlink:href=\"#icon__arrow__up\"></use></svg>17</span>", "round_score": "-1", "total_score": "+5", "thru": "F", "r1": "78", "r2": "71", "r3": "--", "r4": "--", "tot_strokes": "149", "handicap": 5, "group": 6}, "Jamie Lovemark": {"pga_num": "1676", "rank": "T130", "change": "<span class=\"MovementArrow dib mv up\"><svg class=\"icon__svg\" viewbox=\"0 0 24 24\"><use xlink:href=\"#icon__arrow__up\"></use></svg>21</span>", "round_score": "-2", "total_score": "+5", "thru": "F", "r1": "79", "r2": "70", "r3": "--", "r4": "--", "tot_strokes": "149", "handicap": 8, "group": 6}, "Joel Dahmen": {"pga_num": "6196", "rank": "T130", "change": "<span class=\"MovementArrow dib mv up\"><svg class=\"icon__svg\" viewbox=\"0 0 24 24\"><use xlink:href=\"#icon__arrow__up\"></use></svg>17</span>", "round_score": "-1", "total_score": "+5", "thru": "F", "r1": "78", "r2": "71", "r3": "--", "r4": "--", "tot_strokes": "149", "handicap": 1, "group": 4}, "James Hahn": {"pga_num": "5025", "rank": "T130", "change": "<span class=\"MovementArrow dib mv down\"><svg class=\"icon__svg\" viewbox=\"0 0 24 24\"><use xlink:href=\"#icon__arrow__down\"></use></svg>82</span>", "round_score": "+7", "total_score": "+5", "thru": "F", "r1": "70", "r2": "79", "r3": "--", "r4": "--", "tot_strokes": "149", "handicap": 2, "group": 6}, "Andy Ogletree": {"pga_num": "4683804", "rank": "T130", "change": "<span class=\"MovementArrow dib mv down\"><svg class=\"icon__svg\" viewbox=\"0 0 24 24\"><use xlink:href=\"#icon__arrow__down\"></use></svg>42</span>", "round_score": "+5", "total_score": "+5", "thru": "F", "r1": "72", "r2": "77", "r3": "--", "r4": "--", "tot_strokes": "149", "handicap": 8, "group": 6}, "Willie Mack III": {"pga_num": "4355611", "rank": "T130", "change": "<span class=\"MovementArrow dib mv down\"><svg class=\"icon__svg\" viewbox=\"0 0 24 24\"><use xlink:href=\"#icon__arrow__down\"></use></svg>11</span>", "round_score": "+3", "total_score": "+5", "thru": "F", "r1": "74", "r2": "75", "r3": "--", "r4": "--", "tot_strokes": "149"}, "Nelson Lauta Ledesma": {"pga_num": "6677", "rank": "T138", "change": "<span class=\"MovementArrow dib mv down\"><svg class=\"icon__svg\" viewbox=\"0 0 24 24\"><use xlink:href=\"#icon__arrow__down\"></use></svg>31</span>", "round_score": "+5", "total_score": "+6", "thru": "F", "r1": "73", "r2": "77", "r3": "--", "r4": "--", "tot_strokes": "150", "handicap": 5, "group": 6}, "Jim Knous": {"pga_num": "6894", "rank": "T138", "change": "<span class=\"MovementArrow dib mv down\"><svg class=\"icon__svg\" viewbox=\"0 0 24 24\"><use xlink:href=\"#icon__arrow__down\"></use></svg>50</span>", "round_score": "+6", "total_score": "+6", "thru": "F", "r1": "72", "r2": "78", "r3": "--", "r4": "--", "tot_strokes": "150", "handicap": 11, "group": 6}, "Harris English": {"pga_num": "5408", "rank": "T138", "change": "<span class=\"MovementArrow dib mv up\"><svg class=\"icon__svg\" viewbox=\"0 0 24 24\"><use xlink:href=\"#icon__arrow__up\"></use></svg>13</span>", "round_score": "-1", "total_score": "+6", "thru": "F", "r1": "79", "r2": "71", "r3": "--", "r4": "--", "tot_strokes": "150", "handicap": 0, "group": 1}, "Nick Watney": {"pga_num": "1042", "rank": "T138", "change": "<span class=\"MovementArrow dib mv down\"><svg class=\"icon__svg\" viewbox=\"0 0 24 24\"><use xlink:href=\"#icon__arrow__down\"></use></svg>19</span>", "round_score": "+4", "total_score": "+6", "thru": "F", "r1": "74", "r2": "76", "r3": "--", "r4": "--", "tot_strokes": "150", "handicap": 4, "group": 6}, "Harold Varner III": {"pga_num": "6991", "rank": "T138", "change": "<span class=\"MovementArrow dib mv up\"><svg class=\"icon__svg\" viewbox=\"0 0 24 24\"><use xlink:href=\"#icon__arrow__up\"></use></svg>9</span>", "round_score": "E", "total_score": "+6", "thru": "F", "r1": "78", "r2": "72", "r3": "--", "r4": "--", "tot_strokes": "150", "handicap": 1, "group": 6}, "David Hearn": {"pga_num": "928", "rank": "T143", "change": "<span class=\"MovementArrow dib mv down\"><svg class=\"icon__svg\" viewbox=\"0 0 24 24\"><use xlink:href=\"#icon__arrow__down\"></use></svg>24</span>", "round_score": "+5", "total_score": "+7", "thru": "F", "r1": "74", "r2": "77", "r3": "--", "r4": "--", "tot_strokes": "151", "handicap": 5, "group": 6}, "Rob Oppenheim": {"pga_num": "1733", "rank": "T143", "change": "<span class=\"MovementArrow dib mv down\"><svg class=\"icon__svg\" viewbox=\"0 0 24 24\"><use xlink:href=\"#icon__arrow__down\"></use></svg>55</span>", "round_score": "+7", "total_score": "+7", "thru": "F", "r1": "72", "r2": "79", "r3": "--", "r4": "--", "tot_strokes": "151", "handicap": 4, "group": 6}, "Ryan Brehm": {"pga_num": "1548", "rank": "T143", "change": "<span class=\"MovementArrow dib mv\">-</span>", "round_score": "+2", "total_score": "+7", "thru": "F", "r1": "77", "r2": "74", "r3": "--", "r4": "--", "tot_strokes": "151", "handicap": 4, "group": 6}, "Ty Strafaci (a)": {"pga_num": "11447", "rank": "146", "change": "<span class=\"MovementArrow dib mv down\"><svg class=\"icon__svg\" viewbox=\"0 0 24 24\"><use xlink:href=\"#icon__arrow__down\"></use></svg>3</span>", "round_score": "+3", "total_score": "+8", "thru": "F", "r1": "77", "r2": "75", "r3": "--", "r4": "--", "tot_strokes": "152", "handicap": 20, "group": 6}, "Seamus Power": {"pga_num": "6001", "rank": "T147", "change": "<span class=\"MovementArrow dib mv\">-</span>", "round_score": "+3", "total_score": "+9", "thru": "F", "r1": "78", "r2": "75", "r3": "--", "r4": "--", "tot_strokes": "153"}, "Vincent Whaley": {"pga_num": "4408315", "rank": "T147", "change": "<span class=\"MovementArrow dib mv down\"><svg class=\"icon__svg\" viewbox=\"0 0 24 24\"><use xlink:href=\"#icon__arrow__down\"></use></svg>59</span>", "round_score": "+9", "total_score": "+9", "thru": "F", "r1": "72", "r2": "81", "r3": "--", "r4": "--", "tot_strokes": "153", "handicap": 5, "group": 6}, "Michael Gligic": {"pga_num": "4859", "rank": "149", "change": "<span class=\"MovementArrow dib mv up\"><svg class=\"icon__svg\" viewbox=\"0 0 24 24\"><use xlink:href=\"#icon__arrow__up\"></use></svg>2</span>", "round_score": "+5", "total_score": "+12", "thru": "F", "r1": "79", "r2": "77", "r3": "--", "r4": "--", "tot_strokes": "156", "handicap": 5, "group": 6}, "Andres Gonzales": {"pga_num": "1748", "rank": "150", "change": "<span class=\"MovementArrow dib mv down\"><svg class=\"icon__svg\" viewbox=\"0 0 24 24\"><use xlink:href=\"#icon__arrow__down\"></use></svg>102</span>", "round_score": "+15", "total_score": "+13", "thru": "F", "r1": "70", "r2": "87", "r3": "--", "r4": "--", "tot_strokes": "157"}, "John Senden": {"pga_num": "710", "rank": "151", "change": "<span class=\"MovementArrow dib mv down\"><svg class=\"icon__svg\" viewbox=\"0 0 24 24\"><use xlink:href=\"#icon__arrow__down\"></use></svg>15</span>", "round_score": "+11", "total_score": "+15", "thru": "F", "r1": "76", "r2": "83", "r3": "--", "r4": "--", "tot_strokes": "159", "handicap": 18, "group": 6}, "Fabian Gomez": {"pga_num": "3375", "rank": "WD", "change": "<span class=\"MovementArrow dib mv\">-</span>", "round_score": "-", "total_score": "WD", "thru": "WD", "r1": "71", "r2": "66", "r3": "--", "r4": "--", "tot_strokes": "71", "handicap": 3, "group": 6}, "Martin Trainer": {"pga_num": "6151", "rank": "WD", "change": "<span class=\"MovementArrow dib mv\">-</span>", "round_score": "-", "total_score": "WD", "thru": "WD", "r1": "77", "r2": "--", "r3": "--", "r4": "--", "tot_strokes": "77", "handicap": 7, "group": 6}, "Charley Hoffman": {"pga_num": "205", "rank": "WD", "change": "<span class=\"MovementArrow dib mv\">-</span>", "round_score": "-", "total_score": "WD", "thru": "WD", "r1": "75", "r2": "63", "r3": "--", "r4": "--", "tot_strokes": "75", "handicap": 1, "group": 6}, "Matthew Wolff": {"pga_num": "4412121", "rank": "WD", "change": "<span class=\"MovementArrow dib mv\">-</span>", "round_score": "-", "total_score": "WD", "thru": "WD", "r1": "78", "r2": "--", "r3": "--", "r4": "--", "tot_strokes": "78", "handicap": 0, "group": 1}, "Camilo Villegas": {"pga_num": "1264", "rank": "WD", "change": "<span class=\"MovementArrow dib mv\">-</span>", "round_score": "-", "total_score": "WD", "thru": "WD", "r1": "80", "r2": "--", "r3": "--", "r4": "--", "tot_strokes": "80", "handicap": 4, "group": 6}}